,baro,accel_x,accel_y,accel_z,gyro_x,gyro_y,gyro_z
159,361.2601107,-2.69775,3.2373,9.04482,0.035796702959099994,0.0192858882352,0.014137166940199999
160,361.2601107,-2.70756,3.2373,9.03501,0.0319569786041,0.013578661581199997,0.0146607657158
161,361.2601106999999,-2.70756,3.2373,9.03501,0.027314402794100003,0.0077143552941999986,0.014957471688899998
162,361.2601106999999,-2.71737,3.24711,9.03501,0.0243298897731,0.0028972465581999993,0.013456488532299998
163,361.2601106999999,-2.71737,3.24711,9.04482,0.0199316600581,0.002984513021199999,0.011536626355299999
164,361.2601107,-2.71737,3.25692,9.044819999999998,0.0203505390781,0.002094395103199999,0.0100181899064
165,361.2601107,-2.7271799999999997,3.26673,9.04482,0.0187971960435,0.003647738137199999,0.008185594191799999
166,361.2601107,-2.71737,3.2863499999999997,9.04482,0.0178023583695,0.0048171087362,0.0055326937287999995
167,361.2601107,-2.71737,3.28635,9.03501,0.016580627893,0.003700098015199999,0.0019373154698800001
168,361.2601107,-2.70756,3.2863499999999997,9.03501,0.0146782190084,0.003630284845199999,-0.0011868238912
169,361.2601106999999,-2.70756,3.28635,9.03501,0.0126885436614,0.0021118483958999994,-0.0031066860684
170,361.2601106999999,-2.70756,3.28635,9.03501,0.011763519158400002,-8.726646210000053e-05,-0.0044156830074
171,361.2601106999999,-2.71737,3.27654,9.04482,0.0116238928184,-0.0007679448701000006,-0.0044505895924
172,361.2601107,-2.71737,3.26673,9.04482,0.0118333323284,0.0004886921918999997,-0.0039618974019
173,361.2601107,-2.71737,3.26673,9.04482,0.013840460967400001,0.0029321531449,-0.0037524578918
174,361.2601107,-2.71737,3.2569199999999996,9.05463,0.0165631746014,0.0048171087369,-0.0034557519189399996
175,361.2601107,-2.71737,3.24711,9.04482,0.020280725908,0.0068242373767,-0.00174532925234
176,361.2601107,-2.7271799999999997,3.2373,9.05463,0.021101030656800003,0.0088662726017,0.0019198621766599998
177,361.2601106999999,-2.7271799999999997,3.2373,9.05463,0.0190589954318,0.0105941485607,0.00893608576958
178,361.26872650999996,-2.7271799999999997,3.2274899999999995,9.04482,0.0147305788868,0.0094771378397,0.01801179787966
179,361.27734232,-2.7271799999999997,3.21768,9.04482,0.006667157742799999,0.007801621757800001,0.029757863744860003
180,361.28595813000004,-2.7369899999999996,3.2274900000000004,9.04482,-0.0014137166941999998,0.0048869219067999995,0.04623377188066
181,361.29457394,-2.7369899999999996,3.2373,9.04482,-0.0079936079742,0.0030368728998,0.059498274196559994
182,361.30318975,-2.7271799999999997,3.2373,9.05463,-0.013124875974799999,6.98131708e-05,0.06934193117806
183,361.31180556,-2.7369899999999996,3.2373,9.064440000000001,-0.0192684349414,-0.00029670597219999957,0.07922049474396001
184,361.32042136999996,-2.7468,3.24711,9.074250000000001,-0.0227416401534,0.0022514747357999998,0.091071280369
185,361.32903718,-2.73699,3.25692,9.07425,-0.027070056698199996,0.007853981635,0.097319559091
186,361.33765299000004,-2.7468,3.28635,9.06444,-0.025411993908999998,0.01460840584,0.100653137962
187,361.3462688000001,-2.75661,3.2961600000000004,9.05463,-0.019041542139,0.020577431882,0.10325367854800001
188,361.3462688,-2.75661,3.31578,9.05463,-0.011257373675000001,0.026371924998,0.100513511623
189,361.3462688,-2.76642,3.3354,9.04482,-0.003106686068399999,0.029600784114199995,0.09464920533700001
190,361.3462688,-2.7468,3.3255899999999996,9.03501,0.002111848395100001,0.0321140582374,0.08271115325600001
191,361.3462688,-2.7468,3.3354,9.0252,0.0058119464091000005,0.033265975543399995,0.0707381945866
192,361.3462688,-2.7467999999999995,3.3452100000000002,9.01539,0.0095120444237,0.0314682864141,0.05893976884259999
193,361.3462688000001,-2.7369899999999996,3.3452100000000002,9.00558,0.014521139377300003,0.0281521608351,0.04771730175259999
194,361.3462688000001,-2.7271799999999997,3.3354,8.99577,0.0155508836363,0.0245393292831,0.035377823936999994
195,361.3462688000001,-2.7369899999999996,3.3354,8.99577,0.0179594380041,0.019285888234099997,0.0265639112149
196,361.3462688,-2.7271799999999997,3.30597,9.005579999999998,0.0182037840991,0.0129677963417,0.0185004900709
197,361.3462688,-2.71737,3.2961599999999995,9.01539,0.014643312425099999,0.0082903139467,0.0091804318648
198,361.3462688,-2.7271799999999997,3.28635,9.01539,0.010122909662100001,0.0043807764227,0.0039269908158
199,361.3462688,-2.7271799999999997,3.27654,9.01539,0.007993607974500001,0.0006806784084999993,-0.0015009831579000004
200,361.3462688,-2.7271799999999997,3.27654,9.01539,0.007086036763,-0.003543018381700001,-0.0056723200697
201,361.3462688000001,-2.7271799999999997,3.25692,9.025200000000002,0.005585053606000001,-0.007574728953700001,-0.006195918845339999
202,361.3462688000001,-2.7271799999999997,3.25692,9.03501,0.0027401669249000012,-0.0075223690762,-0.0033510321643399994
203,361.3462688000001,-2.71737,3.26673,9.044819999999998,0.000907571209900001,-0.0074874624912,-0.00209439510284
204,361.3462688,-2.71737,3.27654,9.05463,0.002443460951900001,-0.006562437987200001,-0.00247836753824
205,361.3462688,-2.71737,3.27654,9.064440000000001,0.005707226652900001,-0.0028099800952,-0.00254818070814
206,361.3462688,-2.71737,3.28635,9.064440000000001,0.009791297102900002,0.0026878070482,-0.0027052603401399996
207,361.3462688,-2.71737,3.2863499999999997,9.05463,0.015742869851899998,0.007138396640200001,-0.0045727626400399995
208,361.3462688,-2.71737,3.28635,9.04482,0.0213628300439,0.0114144533072,-0.006562437987139999
209,361.3462688000001,-2.71737,3.28635,9.03501,0.0246615023299,0.0149574716887,-0.00701622359264
210,361.3462688000001,-2.7271799999999997,3.30597,8.995769999999998,0.025132741228900003,0.016493361430699998,-0.00411897703484
211,361.3462688000001,-2.71737,3.30597,8.976149999999999,0.0241902634329,0.0141546202327,0.0002443460952000008
212,361.3462688,-2.7271799999999997,3.2961599999999995,8.956529999999999,0.019600047500000002,0.0111701072115,0.0080634211442
213,361.3462688,-2.71737,3.28635,8.95653,0.011239920383,0.0041015237415000004,0.0172263997167
214,361.3462688,-2.70756,3.26673,8.95653,0.0032637657010000003,-0.0030892327775,0.0283965069277
215,361.3462688,-2.69775,3.24711,8.966339999999999,-0.009250245036,-0.0106290551465,0.0429176463037
216,361.3462688,-2.70756,3.24711,8.97615,-0.021764255773,-0.014206980112499998,0.0596553538297
217,361.3462688000001,-2.68794,3.24711,8.98596,-0.032061698359,-0.0188146493375,0.0737925207667
218,361.3462688000001,-2.66832,3.24711,9.01539,-0.036704274169999995,-0.0197047672555,0.0882962068478
219,361.3462688000001,-2.65851,3.25692,9.03501,-0.045413467137,-0.016318828506999998,0.10492919462299999
220,361.3462688,-2.65851,3.24711,9.074250000000001,-0.044087016905959994,-0.010367255757999998,0.11644836768799997
221,361.3462688,-2.66832,3.26673,9.074250000000001,-0.04164355595296,-0.0034033920419999997,0.12283627275299999
222,361.3462688,-2.66832,3.27654,9.08406,-0.03651228795196,0.002460914245,0.122382487147
223,361.3462688,-2.6879399999999998,3.28635,9.07425,-0.028885199120960003,0.011693705988,0.12025318546000001
224,361.3462688,-2.68794,3.30597,9.06444,-0.02354449160996,0.019547687621999998,0.115313903679
225,361.3462688000001,-2.6879399999999998,3.3255899999999996,9.05463,-0.01666789435676,0.023788837705,0.104405595854
226,361.3462688000001,-2.66832,3.3255899999999996,9.04482,-0.00733038285776,0.025045474765999998,0.091385439634
227,361.3462688000001,-2.68794,3.3354,9.04482,-0.0005759586527599999,0.029967303257,0.081646502412
228,361.3462688,-2.69775,3.3452100000000002,9.01539,0.0031415926542399998,0.031223940318,0.0688881455829
229,361.3462688,-2.70756,3.3452100000000002,9.005579999999998,0.01218239817924,0.027262042916400005,0.0512952267189
230,361.3462688,-2.70756,3.3354,9.005579999999998,0.013892820846199999,0.0222878545484,0.0355872634499
231,361.3462688,-2.70756,3.3157799999999993,9.01539,0.012723450247119999,0.0162315620434,0.0227590934449
232,361.3462688,-2.70756,3.30597,9.01539,0.01104793416522,0.009599310885399998,0.0130725160969
233,361.3462688000001,-2.70756,3.2961599999999995,9.01539,0.006963863716219999,0.002530727414399998,0.0065275314019
234,361.3462688000001,-2.71737,3.2863499999999997,9.01539,0.00277507351122,-0.004206243497600002,0.0025132741218999994
235,361.3462688000001,-2.71737,3.27654,9.025200000000002,0.00043633231402,-0.007871434927600002,0.0019024088838999996
236,361.3462688,-2.71737,3.27654,9.03501,-0.00314159265298,-0.0109257611184,0.0005061454828999997
237,361.3462688,-2.70756,3.27654,9.04482,-0.00294960643598,-0.012950343051400004,-0.0026703537554000002
238,361.3462688,-2.70756,3.27654,9.05463,-0.00129154364698,-0.012269664643400003,-0.0053930673883
239,361.3462688,-2.70756,3.27654,9.05463,0.0027052603400199997,-0.008569566628800002,-0.0067369709122999995
240,361.3462688,-2.70756,3.27654,9.05463,0.00654498469402,-0.004049163865800001,-0.0072954762733
241,361.3462688000001,-2.70756,3.27654,9.05463,0.011257373674099999,0.0020071286391999993,-0.006405358354300001
242,361.3462688000001,-2.70756,3.27654,9.05463,0.014032447185,0.0078016217562,-0.0036302848438000005
243,361.3462688000001,-2.70756,3.27654,9.05463,0.0170867733755,0.011728612573199999,-0.0015882496188
244,361.3462688,-2.70756,3.28635,9.05463,0.0196524073762,0.014259339988300002,-0.0011519173057999998
245,361.3462688,-2.70756,3.2961600000000004,9.04482,0.0214675497982,0.014922565104300001,-0.0020769418088
246,361.3462688,-2.70756,3.2961600000000004,9.03501,0.0224449341792,0.0138753675531,-0.0030543261902
247,361.3462688,-2.70756,3.2961600000000004,9.03501,0.0207170582202,0.0095120444231,-0.0017627825438999995
248,361.3462688,-2.70756,3.2961600000000004,9.03501,0.017610372152100002,0.0051312680011,0.0021991148581
249,361.3462688000001,-2.70756,3.2961600000000004,9.04482,0.0108035880701,0.0022514747349,0.0059690260421
250,361.3462688000001,-2.69775,3.30597,9.04482,0.005986479335,-0.0021467549802,0.0072082098111
251,361.3462688000001,-2.69775,3.30597,9.04482,0.0043109632529999995,-0.0038397243551999997,0.0077318085863
252,361.3462688,-2.69775,3.31578,9.04482,0.0034557519189999998,-0.0050265482462,0.0069464104229
253,361.3462688,-2.6879399999999998,3.31578,9.044820000000001,0.004485496177499999,-0.0050265482462,0.0043284165448
254,361.3462688,-2.67813,3.31578,9.04482,0.0056548667763,-0.004450589592999999,0.0024260076601000003
255,361.3462688,-2.6781300000000003,3.30597,9.04482,0.0082728606543,-0.001204277184,0.0020071286393
256,361.3462688,-2.67813,3.30597,9.04482,0.010140362954299998,0.0023736477830000003,0.0025481807075
257,361.3462688000001,-2.6781300000000003,3.2961599999999995,9.03501,0.0143640597443,0.004276056668,0.0032463124085
258,361.3462688000001,-2.67813,3.27654,9.03501,0.0147829387644,0.0049916416612,0.0045029494695000005
259,361.3462688000001,-2.67813,3.25692,9.0252,0.0149400183964,0.0045378560557,0.0092851516205
260,361.3462688,-2.68794,3.24711,9.01539,0.011274826967500002,0.007557275661800001,0.0173660260575
261,361.3462688,-2.68794,3.24711,9.01539,0.0041887902045,0.0057944931176000004,0.026616271093300004
262,361.3462688,-2.67813,3.2274899999999995,9.01539,-0.0002967059724999999,0.0023736477836,0.040421825481200005
263,361.3462688,-2.6879399999999998,3.2274900000000004,9.00558,-0.0092153384495,0.004712388981600001,0.0536688745023
264,361.3462688,-2.70756,3.2274900000000004,9.005579999999998,-0.018692476288,0.0041364303284,0.06831218692499999
265,361.3462688000001,-2.70756,3.25692,9.005579999999998,-0.022741640153000002,0.0023038346138000002,0.07873180256179999
266,361.3462688000001,-2.70756,3.26673,9.01539,-0.027314402794,0.0030892327768,0.085765479447
267,361.3462688000001,-2.69775,3.27654,9.0252,-0.030054569719999997,0.0038746309402000003,0.088662726005
268,361.3462688,-2.7271799999999997,3.3255899999999996,9.0252,-0.028658306318,0.008115781023,0.089221231366
269,361.3462688,-2.70756,3.3452100000000002,9.025200000000002,-0.023980823922,0.014311699867700001,0.08155923595
270,361.3462688,-2.69775,3.3550199999999997,9.035010000000002,-0.013351768778000001,0.013892820846699998,0.069289571308
271,361.3462688,-2.69775,3.3550200000000006,9.03501,-0.0028797932659999997,0.0173136661809,0.05829399702
272,361.3462688,-2.70756,3.36483,9.0252,0.002949606435,0.0234921317329,0.04485496177504
273,361.3462688000001,-2.70756,3.3746400000000003,9.0252,0.012060225130000001,0.0218515222359,0.03148573970604
274,361.3462688000001,-2.69775,3.3746400000000003,9.0252,0.021868975526,0.021450096507999998,0.01659808118804
275,361.3462688000001,-2.70756,3.3550200000000006,9.025200000000002,0.022444934179000002,0.020594885174499998,0.007330382858040001
276,361.3462688,-2.70756,3.3452100000000002,9.01539,0.022252947962000003,0.0151145513235,0.0008901179180400007
277,361.3462688,-2.71737,3.3452100000000002,9.00558,0.018919369090999998,0.010995574289100002,-0.004014257279759999
278,361.3462688,-2.68794,3.3157799999999993,9.00558,0.014678219009000001,0.0038397243551,-0.008447393579959998
279,361.3462688,-2.69775,3.3157799999999993,9.005579999999998,0.009965830028,-0.0050789081229,-0.007190756518859999
280,361.3462688,-2.69775,3.3157799999999993,9.01539,0.0017802358365,-0.0088139127219,-0.00270526034106
281,361.3462688000001,-2.6879399999999998,3.3255899999999996,9.0252,-0.0032637657015,-0.012845623294299998,-0.0014835298640600001
282,361.3462688000001,-2.67813,3.3255899999999996,9.04482,-0.0035953782595,-0.015323990832300002,-0.00228638132
283,361.3462688000001,-2.6781300000000003,3.3255899999999996,9.05463,-0.0027052603415000003,-0.0134390352403,-0.0018849555917999999
284,361.3462688,-2.66832,3.3255899999999996,9.05463,6.981316949999927e-05,-0.009808750396500001,-0.0026529004628000003
285,361.3462688,-2.66832,3.3255899999999996,9.05463,0.0059341194565,-0.0059341194574,-0.0055501470218
286,361.3462688,-2.67813,3.3255899999999996,9.05463,0.012374384396499998,-0.00013962634140000026,-0.0073478361509
287,361.3462688,-2.68794,3.3255899999999996,9.04482,0.0168249739885,0.0062133721356,-0.007016223593060001
288,361.3462688,-2.69775,3.3255899999999996,9.04482,0.0195825942065,0.010524335388399999,-0.006230825429659999
289,361.3462688000001,-2.69775,3.3255899999999996,9.04482,0.0209264977308,0.0123569311032,-0.00574213323906
290,361.3462688000001,-2.69775,3.3255899999999996,9.03501,0.02145009650638,0.0131772358522,-0.00497418836816
291,361.3462688000001,-2.69775,3.3255899999999996,9.0252,0.02014109956738,0.011955505375599999,-0.00411897703506
292,361.3462688,-2.69775,3.3354,9.01539,0.01797689129538,0.0084997534566,-0.00429350996026
293,361.3462688,-2.6879399999999998,3.3255899999999996,9.01539,0.01541125729538,0.0041887902046,-0.00450294947046
294,361.3462688,-2.69775,3.3157799999999993,9.01539,0.01202531854658,0.0005934119457999996,-0.00403171057226
295,361.3462688,-2.69775,3.30597,9.01539,0.00930260491358,-0.00233874119724,-0.00357792496646
296,361.3462688,-2.69775,3.30597,9.01539,0.007295476273580001,-0.00462512251704,-0.0033684854562600003
297,361.3462688000001,-2.69775,3.30597,9.0252,0.00635299847758,-0.005829399701039999,-0.003560471674
298,361.3462688000001,-2.69775,3.30597,9.0252,0.00638790506258,-0.00575958653094,-0.0037350045991999996
299,361.3462688000001,-2.69775,3.30597,9.0252,0.0074874624912800005,-0.00457276263964,-0.0039793506945000005
300,361.3462688,-2.70756,3.30597,9.0252,0.0087615528452,-0.00321140582356,-0.0047822021504
301,361.3462688,-2.70756,3.30597,9.025200000000002,0.0097738438112,-0.00157079632656,-0.0050265482457
302,361.3462688,-2.70756,3.30597,9.025200000000002,0.0098262036887,-0.00012217304736000011,-0.0043284165449
303,361.3462688,-2.70756,3.31578,9.0252,0.0099658300289,0.0008028514557399998,-0.0037873644767999993
304,361.3462688,-2.69775,3.3255899999999996,9.0252,0.0100007366139,0.0014660765714999999,-0.003490658504
305,361.3462688000001,-2.6879399999999998,3.3354,9.0252,0.0105243353889,0.00195476876204,-0.0033684854564
306,361.3462688000001,-2.6879399999999998,3.3354,9.0252,0.011554079646899999,0.00221656814984,-0.0038571776468999995
307,361.3462688000001,-2.6879399999999998,3.3354,9.0252,0.0130550628039,0.00293215314284,-0.004799655443199999
308,361.3462688,-2.6879399999999998,3.3354,9.0252,0.014643312422900002,0.0035430183809400002,-0.005899212872199999
309,361.3462688,-2.69775,3.3354,9.025200000000002,0.015463617170899998,0.003909537523839999,-0.006632251157999999
310,361.3462688,-2.69775,3.3354,9.025200000000002,0.0153065375379,0.00399680398646,-0.006387905062799999
311,361.3462688,-2.70756,3.3354,9.0252,0.0140848070617,0.0036302848435599997,-0.0056199601919
312,361.3462688,-2.70756,3.3354,9.0252,0.012810716707799999,0.00267035375536,-0.005166174586399999
313,361.3462688000001,-2.70756,3.3354,9.0252,0.0111875605036,0.0007504915782599999,-0.0045204027631999995
314,361.3462688000001,-2.70756,3.3354,9.0252,0.010419615632800002,-0.0017104226666999997,-0.0032288591167
315,361.3462688000001,-2.70756,3.3354,9.0252,0.0095644042997,-0.004171336912199999,-0.0016929693750999994
316,361.3462688,-2.70756,3.3354,9.0252,0.008709192966699999,-0.0046251225177,-0.00029670597349999977
317,361.3462688,-2.70756,3.3354,9.025200000000002,0.0074874624907,-0.0053058009256000006,0.0005934119453000003
318,361.3462688,-2.70756,3.3354,9.025200000000002,0.0074176493207,-0.0050789081226,0.0010471975511000004
319,361.3462688,-2.70756,3.3354,9.0252,0.008429940287700001,-0.003543018380599999,0.0012217304763000006
320,361.3462688,-2.70756,3.3354,9.0252,0.0102450827097,-0.0017104226662999996,0.0004886921903000004
321,361.3462688000001,-2.70756,3.3354,9.01539,0.0130725160979,6.981317060000044e-05,-0.0008552113333999998
322,361.3462688000001,-2.71737,3.3354,9.01539,0.0151145513223,0.001518436449400001,-0.0014660765715999997
323,361.3462688000001,-2.71737,3.3354,9.01539,0.016231562043380002,0.0030717794836000005,-0.0014486232790999996
324,361.3462688,-2.71737,3.3354,9.01539,0.01574286985278,0.004276056667600001,-0.0019024088845999998
325,361.3462688,-2.71737,3.3354,9.01539,0.01432915315868,0.004642575810600001,-0.0024783675376
326,361.3462688,-2.70756,3.3354,9.01539,0.013142329267280001,0.002391101075100001,-0.0020420352247999996
327,361.3462688,-2.69775,3.3354,9.01539,0.01270599695428,-0.00045378560599999943,-0.00027925268059999977
328,361.3462688,-2.68794,3.3255900000000005,9.01539,0.01031489587908,-0.0036302848449999993,0.0027576202176
329,361.3462688000001,-2.67813,3.3255900000000005,9.01539,0.00499164166008,-0.006475171526,0.0087790061368
330,361.3462688000001,-2.6879399999999998,3.3354,9.01539,0.00034906585007999996,-0.005288347633999999,0.0153239908318
331,361.3462688000001,-2.67813,3.3354,9.0252,-0.0006283185309199999,-0.0063006386,0.0180990643418
332,361.3462688,-2.67813,3.3354,9.025200000000002,0.0006457718230799998,-0.005462880559,0.0189542756753
333,361.3462688,-2.68794,3.3354,9.025200000000002,0.001919862177,-0.0021642082731999994,0.0197047672535
334,361.3462688,-2.6879399999999998,3.3452100000000002,9.01539,0.0047298422732000005,0.0006806784068000005,0.0181339709265
335,361.3462688,-2.68794,3.3452100000000002,9.01539,0.008395033702399999,0.0015533430329000004,0.015079644735500001
336,361.3462688,-2.69775,3.3452100000000002,9.01539,0.0105592419748,0.003892084231,0.0135786615789
337,361.3462688000001,-2.70756,3.3452100000000002,9.01539,0.0096167641784,0.007173303224999999,0.013159782558900001
338,361.3462688000001,-2.70756,3.3550199999999997,9.01539,0.0095644043009,0.00874409955204,0.0109432144091
339,361.3462688000001,-2.70756,3.3550199999999997,9.01539,0.012845623294899999,0.00848230016424,0.004834562027300001
340,361.3462688,-2.6977499999999996,3.3452099999999994,9.01539,0.015533430342900001,0.00521853446264,-0.001012290966699999
341,361.3462688,-2.69775,3.3452099999999994,9.01539,0.015184364491899999,0.00521853446264,-0.0036651914296999986
342,361.3462688,-2.69775,3.3452099999999994,9.01539,0.0139975406009,0.0031241393598399995,-0.0058293997021999985
343,361.3462688,-2.69775,3.3354,9.01539,0.013421581947800002,-0.0004188790212600003,-0.007679448709099998
344,361.3462688,-2.70756,3.3255899999999996,9.0252,0.0106988683142,-0.0026354471710600003,-0.0061435589670999985
345,361.3462688000001,-2.70756,3.3255899999999996,9.0252,0.0068591439598,-0.0030019663141600005,-0.0030368728984999996
346,361.3462688000001,-2.69775,3.3255899999999996,9.0252,0.003996803986600001,-0.00460766922626,-0.002303834612599999
347,361.3462688000001,-2.6879399999999998,3.3255899999999996,9.025200000000002,0.0038048177689200004,-0.00642281164826,-0.003316125578999999
348,361.3462688,-2.6879399999999998,3.3255899999999996,9.025200000000002,0.004660029102620001,-0.0060911990904,-0.004101523742399999
349,361.3462688,-2.68794,3.3255899999999996,9.0252,0.00584685299362,-0.004904375199000001,-0.0047472955655999995
350,361.3462688,-2.68794,3.3255899999999996,9.0252,0.007609635538620001,-0.0038048177704,-0.005742133239599999
351,361.3462688,-2.69775,3.3255899999999996,9.0252,0.00909316540362,-0.0023387411984000005,-0.0057770398246
352,361.3462688,-2.69775,3.3255899999999996,9.0252,0.010227629417620001,0.0006283185305999995,-0.004886921906
353,361.3462688000001,-2.69775,3.3354,9.0252,0.011170107213720002,0.0027925268026999994,-0.0043633231304
354,361.3462688000001,-2.6977499999999996,3.3354,9.0252,0.01270599695532,0.004223696789399999,-0.004694935688319999
355,361.3462688000001,-2.70756,3.3354,9.025200000000002,0.01382300767652,0.0049567350754,-0.005305800926519999
356,361.3462688,-2.70756,3.3354,9.025200000000002,0.01448623279232,0.0050789081233,-0.005986479334819999
357,361.3462688,-2.71737,3.3354,9.0252,0.01459095254744,0.0041364303273,-0.006632251158019999
358,361.3462688,-2.71737,3.3354,9.0252,0.013316862193240001,0.0024260076603999994,-0.006318091892619999
359,361.3462688,-2.71737,3.3354,9.0252,0.01115265392094,0.0009250245036999999,-0.005340707511619999
360,361.3462688,-2.70756,3.3354,9.0252,0.00863937979774,-0.0009424777958000003,-0.0042411500825199995
361,361.3462688000001,-2.69775,3.3354,9.0252,0.00656243798754,-0.0027052603406000006,-0.003595378259019999
362,361.3462688000001,-2.6879399999999998,3.3354,9.0252,0.00497418836804,-0.0043982297153,-0.003211405823619999
363,361.3462688000001,-2.67813,3.3354,9.025200000000002,0.0046076692250400005,-0.00565486677638,-0.0038397243543199996
364,361.3462688,-2.66832,3.3354,9.025200000000002,0.00551524043604,-0.00614355896698,-0.0048869219054999994
365,361.3462688,-2.66832,3.3354,9.0252,0.007016223593240001,-0.00520108117088,-0.005427973973699999
366,361.3462688,-2.67813,3.3354,9.0252,0.008639379797640002,-0.00308923277578,-0.005270894340999999
367,361.3462688,-2.67813,3.3354,9.0252,0.0094596845461,-0.0010995574285800002,-0.004834562028
368,361.3462688,-2.68794,3.3354,9.0252,0.0104370689272,0.00024434609541999964,-0.0046251225178
369,361.3462688000001,-2.69775,3.3354,9.0252,0.011100294042900001,0.0014660765718199997,-0.004398229714999999
370,361.3462688000001,-2.70756,3.3354,9.0252,0.0120602251311,0.0024783675380199996,-0.0047996554428999996
371,361.3462688000001,-2.71737,3.3354,9.025200000000002,0.012548917321299998,0.00195476876242,-0.0052883476334999995
372,361.3462688,-2.71737,3.3354,9.025200000000002,0.012548917321299998,0.0012042771841199995,-0.0056548667763999996
373,361.3462688,-2.7271799999999997,3.3354,9.0252,0.011850785620500001,0.0009773843813999997,-0.005026548245699999
374,361.3462688,-2.73699,3.3354,9.0252,0.0101403629537,0.0004886921908999998,-0.0041189770346799996
375,361.3462688,-2.7271799999999997,3.3354,9.0252,0.0087440995517,-5.2359877200000264e-05,-0.0032986722861799997
376,361.3462688,-2.7271799999999997,3.3354,9.0252,0.0072431163949,-0.0015184364490000003,-0.003054326190919999
377,361.3462688000001,-2.71737,3.3354,9.0252,0.007400196027400001,-0.0021991148572800003,-0.0034906585039199993
378,361.3462688000001,-2.71737,3.3354,9.0252,0.0080110612655,-0.0024085543674800007,-0.004223696789719999
379,361.3462688000001,-2.71737,3.3354,9.025200000000002,0.0086568330891,-0.00314159265338,-0.005148721293519999
380,361.3462688,-2.71737,3.3354,9.025200000000002,0.0085870199191,-0.003822271061680001,-0.005323254218719999
381,361.3462688,-2.71737,3.3354,9.0252,0.0082205007765,-0.0031764992384800002,-0.004869468613219999
382,361.3462688,-2.7271799999999997,3.3354,9.0252,0.0082205007765,-0.0018675022994799999,-0.004066617157319999
383,361.3462688,-2.7271799999999997,3.3354,9.0252,0.0083775804092,-0.0009948376734800002,-0.0036302848443199994
384,361.3462688,-2.7271799999999997,3.3354,9.0252,0.008988445647400001,-0.00033161255778000026,-0.0036302848443199994
385,361.3462688000001,-2.7369899999999996,3.3354,9.0252,0.009808750395399999,-0.00026179938770000026,-0.00439822971522
386,361.3462688000001,-2.7369899999999996,3.3354,9.0252,0.011274826967199999,0.00040142572799999976,-0.005096361415979999
387,361.3462688000001,-2.7468,3.3354,9.025200000000002,0.0117635191582,0.0010471975512799999,-0.00523598775618
388,361.3462688,-2.7468,3.3354,9.025200000000002,0.0116413461102,0.0011693705988799997,-0.004956735075879999
389,361.3462688,-2.73699,3.3354,9.0252,0.0111526539193,0.0014486232792799997,-0.0042935099598799984
390,361.3462688,-2.7369899999999996,3.3354,9.0252,0.0102450827086,0.0013089969390799997,-0.003508111796479999
391,361.3462688,-2.7369899999999996,3.3354,9.0252,0.0095993108854,0.0005410520681799995,-0.003141592653479999
392,361.3462688,-2.7369899999999996,3.3354,9.0252,0.008779006136940002,-0.0013962634018200005,-0.0034382986262799994
393,361.3462688000001,-2.7271799999999997,3.3354,9.0252,0.00862192650424,-0.00429350996002,-0.002530727414979999
394,361.3462688000001,-2.71737,3.3255900000000005,9.0252,0.00877900613694,-0.007278022980520001,0.001169370599100001
395,361.3462688000001,-2.70756,3.31578,9.025200000000002,0.00495673507594,-0.0086393797966,0.008185594192300001
396,361.3462688,-2.69775,3.2961600000000004,9.025200000000002,-0.00190240888406,-0.011047934164500001,0.018325957146100004
397,361.3462688,-2.68794,3.28635,9.0252,-0.01029744258606,-0.0120776784232,0.0320267917719
398,361.3462688,-2.6879399999999998,3.28635,9.0252,-0.02087413785306,-0.0102276294156,0.048973938810000006
399,361.3462688,-2.6781300000000003,3.27654,9.03501,-0.02799508120116,-0.009948376735320001,0.065414940363
400,361.3462688,-2.66832,3.26673,9.03501,-0.03361504139246,-0.00774926187752,0.0815766892406
401,361.3462688000001,-2.66832,3.25692,9.03501,-0.03778637830466,-0.0050090949514200005,0.1001818990682
402,361.3462688000001,-2.66832,3.26673,9.0252,-0.0444186294627,0.0030543261925799993,0.115628062951
403,361.3462688000001,-2.67813,3.27654,9.03501,-0.04839798015689999,0.006632251158579999,0.13035864183700002
404,361.3462688,-2.70756,3.30597,9.03501,-0.05237733085099999,0.01178097245158,0.14313445196299998
405,361.3462688,-2.71737,3.3255899999999996,9.03501,-0.052255157803999995,0.01973967384058,0.14854497264799998
406,361.3462688,-2.7271799999999997,3.3746400000000003,9.0252,-0.044575709096,0.026022859147580003,0.14482742134200002
407,361.3462688,-2.7271799999999997,3.39426,9.0252,-0.033248522250999994,0.02974041045408,0.13236577048519999
408,361.3462688,-2.71737,3.40407,9.01539,-0.019233528357,0.031154127148080003,0.11482521150120002
409,361.3462688000001,-2.7271799999999997,3.4236899999999997,8.995769999999998,-0.008534660041999997,0.031817352263799996,0.0958185759482
410,361.3462688000001,-2.7271799999999997,3.4335,8.98596,0.0004363323130000027,0.028867745827800002,0.0762359817362
411,361.3462688000001,-2.7271799999999997,3.4433099999999994,8.97615,0.004886921905500002,0.025394540615799998,0.0570548132554
412,361.3462688,-2.7271799999999997,3.4335,8.97615,0.009232791743500002,0.0168773338668,0.0430049127744
413,361.3462688,-2.71737,3.4236899999999997,8.966339999999999,0.008813912722500003,0.012112585008800001,0.0284663201054
414,361.3462688,-2.68794,3.40407,8.966339999999999,0.008395033701500002,0.005794493116800001,0.0125140107409
415,361.3462688,-2.6781300000000003,3.39426,8.966339999999999,0.008761552844500002,-0.0043807764232,0.0003665191429999997
416,361.3462688,-2.66832,3.36483,8.97615,0.005602506898700002,-0.0114842664782,-0.006335545185000001
417,361.3462688000001,-2.66832,3.3550199999999997,8.97615,0.0016580627893000017,-0.016859880574199997,-0.0083775804102
418,361.3462688000001,-2.66832,3.3452100000000002,8.98596,-0.0022165681501999978,-0.0208566845616,-0.0080110612671
419,361.3462688000001,-2.66832,3.3354,8.99577,-0.005358160804199997,-0.020420352248399998,-0.0049218284915
420,361.3462688,-2.66832,3.3354,9.005579999999998,-0.0070860367631999975,-0.0163537350914,-0.0013439035244599998
421,361.3462688,-2.6585099999999997,3.3354,9.01539,-0.004537856055699998,-0.0115715329404,-0.0010471975516599997
422,361.3462688,-2.6487,3.3354,9.025200000000002,0.0015533430333000016,-0.0065275314024,-0.00305432619166
423,361.3462688,-2.6486999999999994,3.3354,9.025200000000002,0.009494591130300002,-0.00033161255740000035,-0.00561996019166
424,361.3462688,-2.6487,3.3354,9.0252,0.0164235482613,0.0054454272666,-0.0073827427361600004
425,361.3462688000001,-2.6486999999999994,3.3354,9.01539,0.0211359372413,0.010297442587599999,-0.00785398163416
426,361.3462688000001,-2.6585099999999997,3.3354,9.005579999999998,0.023055799418100004,0.013247049023199998,-0.00736528944376
427,361.3462688000001,-2.66832,3.3354,9.005579999999998,0.0230034395405,0.0149574716902,-0.0058293997016799996
428,361.3462688,-2.67813,3.3354,9.00558,0.0218515222342,0.0148352986425,-0.004904375198079999
429,361.3462688,-2.67813,3.3354,8.99577,0.0199491133496,0.012356931104499999,-0.00502654824572
430,361.3462688,-2.67813,3.3354,8.99577,0.017400932641400003,0.0079936079745,-0.00542797397366
431,361.3462688,-2.67813,3.3354,8.99577,0.014102260355600003,0.003019419605499999,-0.00555014702126
432,361.3462688,-2.67813,3.3354,8.99577,0.009721483933500003,-0.0021816615655000007,-0.00516617458586
433,361.3462688000001,-2.67813,3.3354,8.995769999999998,0.004729842272600001,-0.0071209433485,-0.0042586033748599995
434,361.3462688000001,-2.67813,3.3354,8.995769999999998,0.0008203047476000022,-0.0110304808735,-0.00331612557876
435,361.3462688000001,-2.67813,3.3354,9.00558,-0.0015358897420999977,-0.013439035241499999,-0.00291469985086
436,361.3462688,-2.66832,3.3354,9.01539,-0.0018849555920999977,-0.013491395119060001,-0.00275762021816
437,361.3462688,-2.66832,3.3354,9.01539,-0.00027925268009999814,-0.011920598792060002,-0.00356047167404
438,361.3462688,-2.66832,3.3354,9.01539,0.0037175513067000017,-0.00825540736296,-0.00469493568784
439,361.3462688,-2.67813,3.3354,9.0252,0.008639379797300001,-0.0033161255799600007,-0.0058817595787999995
440,361.3462688,-2.68794,3.3354,9.01539,0.013473941825500001,0.0015707963260399999,-0.0064053583544
441,361.3462688000001,-2.69775,3.3354,9.00558,0.0172263997173,0.00539306738804,-0.0067369709122999995
442,361.3462688000001,-2.70756,3.3354,8.99577,0.0195127810374,0.00790634151094,-0.006911503837499999
443,361.3462688000001,-2.70756,3.3354,8.98596,0.0205599785886,0.009215338449839999,-0.006946410422499999
444,361.3462688,-2.70756,3.3354,8.98596,0.0197745804256,0.00890117918484,-0.006649704449679999
445,361.3462688,-2.70756,3.3354,8.985959999999999,0.0172438530103,0.00691150383784,-0.00581194640868
446,361.3462688,-2.70756,3.3354,8.985959999999999,0.013980087309300001,0.004118977034800001,-0.00490437519768
447,361.3462688,-2.69775,3.3354,8.98596,0.010437068927300003,0.0012042771837999997,-0.00389208423158
448,361.3462688,-2.6879399999999998,3.3354,8.98596,0.007400196029100002,-0.0017627825445000003,-0.0034382986260799997
449,361.3462688000001,-2.6879399999999998,3.3452100000000002,8.98596,0.0046076692261000024,-0.0050963614157,-0.00303687289848
450,361.3462688000001,-2.67813,3.3452100000000002,8.99577,0.003193952532100002,-0.0072954762736000016,-0.0035604716739800002
451,361.3462688000001,-2.66832,3.3452100000000002,8.995769999999998,0.0029845130221000027,-0.007661995416600001,-0.00401425727948
452,361.3462688,-2.66832,3.3452100000000002,9.005579999999998,0.004450589594100003,-0.0060737457975,-0.00417133691218
453,361.3462688,-2.67813,3.3452100000000002,9.01539,0.006597344573800003,-0.0039618974024,-0.00422369678978
454,361.3462688,-2.6781300000000003,3.3452100000000002,9.01539,0.008796459430800003,-0.0019373154700000005,-0.00418879020474
455,361.3462688,-2.67813,3.3452100000000002,9.01539,0.011047934165760002,0.00017453292489999945,-0.0045902159327000005
456,361.3462688,-2.6781300000000003,3.3452100000000002,9.01539,0.013037609512860001,0.0017627825438999993,-0.00516617458584
457,361.3462688000001,-2.67813,3.3452100000000002,9.01539,0.01453859266986,0.0022863813198999994,-0.00568977336144
458,361.3462688000001,-2.6781300000000003,3.3452100000000002,9.01539,0.014172073526860004,0.001623156204199999,-0.00568977336144
459,361.3462688000001,-2.66832,3.3354,9.01539,0.013386675363360004,0.0012566370613199991,-0.005393067388639999
460,361.3462688,-2.67813,3.3354,9.01539,0.011833332328360003,0.001134464013719999,-0.00438077642264
461,361.3462688,-2.67813,3.3354,9.0252,0.010576695266360002,0.0008552113337199988,-0.00371755130684
462,361.3462688,-2.67813,3.3452100000000002,9.025200000000002,0.009372418082360001,-0.00033161255738000116,-0.00371755130684
463,361.3462688,-2.66832,3.3452100000000002,9.025200000000002,0.008726646259360002,-0.001431169986300001,-0.00424115008224
464,361.3462688,-2.6781300000000003,3.3452100000000002,9.0252,0.008848819307360003,-0.001972222054500001,-0.005096361415699999
465,361.3462688000001,-2.6879399999999998,3.3452100000000002,9.01539,0.009250245035300001,-0.002338741197400001,-0.005794493116539999
466,361.3462688000001,-2.69775,3.3452100000000002,9.01539,0.009128071987600002,-0.002757620217400001,-0.0056025068988
467,361.3462688000001,-2.70756,3.3452100000000002,9.01539,0.007941248096600002,-0.003036872898400001,-0.0048345620279
468,361.3462688,-2.70756,3.3452100000000002,9.01539,0.007068583470600002,-0.003298672286400001,-0.004031710571999999
469,361.3462688,-2.70756,3.3452100000000002,9.01539,0.006911503837900001,-0.002932153143520001,-0.00343829862632
470,361.3462688,-2.69775,3.3452100000000002,9.01539,0.007731808586900002,-0.0020769418100200013,-0.00370009801412
471,361.3462688,-2.69775,3.3550199999999997,9.01539,0.008883725893900001,-0.0017453292520200011,-0.00443313629992
472,361.3462688,-2.69775,3.3452099999999994,9.01539,0.010384709050900002,-0.001082104135920001,-0.00516617458542
473,361.3462688000001,-2.69775,3.3452099999999994,9.005579999999998,0.011641346111900003,0.00019198621799999902,-0.005218534463420001
474,361.3462688000001,-2.69775,3.3452099999999994,8.995769999999998,0.012130038301900002,0.0012566370617999988,-0.00476474885792
475,361.3462688000001,-2.6977499999999996,3.3452099999999994,8.99577,0.011833332329080003,0.001553343034799999,-0.00434586983742
476,361.3462688,-2.69775,3.3452099999999994,8.99577,0.011501719771280002,0.001186823891799999,-0.0045727626402
477,361.3462688,-2.68794,3.3452099999999994,8.99577,0.011641346111280001,0.0006981317017999991,-0.005061454830760001
478,361.3462688,-2.6879399999999998,3.3452099999999994,8.99577,0.011239920383380002,7.999993029139674e-13,-0.00546288055866
479,361.3462688,-2.69775,3.3452099999999994,8.99577,0.010454522219980002,-0.0010995574279000007,-0.00581194640904
480,361.3462688,-2.70756,3.3452099999999994,8.995769999999998,0.00905825881818,-0.0029321531425000004,-0.0054279739735399995
481,361.3462688000001,-2.70756,3.3354,8.995769999999998,0.007661995416180002,-0.0035604716735000005,-0.004625122517740001
482,361.3462688000001,-2.69775,3.3354,8.995769999999998,0.006300638599180003,-0.0035255650885000003,-0.00370009801454
483,361.3462688000001,-2.69775,3.3354,9.00558,0.005777039824180002,-0.0036477381365000007,-0.00382227106154
484,361.3462688,-2.6879399999999998,3.3354,9.01539,0.006300638600180002,-0.0031415926535,-0.00448549617754
485,361.3462688,-2.68794,3.3354,9.0252,0.007819075049100002,-0.0022514747351000002,-0.0050614548306399994
486,361.3462688,-2.68794,3.3354,9.01539,0.009372418083300003,-0.0011868238916000003,-0.00563741348376
487,361.3462688,-2.6879399999999998,3.3354,9.01539,0.010698868314600003,-0.0005061454836000002,-0.0060388392117
488,361.3462688,-2.69775,3.3354,9.01539,0.011152653920100002,0.00017453292539999966,-0.0059166661641
489,361.3462688000001,-2.68794,3.3354,9.01539,0.010908307824800002,-3.490658470000039e-05,-0.0055501470212
490,361.3462688000001,-2.67813,3.3354,9.01539,0.0103847090492,-0.0006108652379000004,-0.0053581608035
491,361.3462688000001,-2.67813,3.3452100000000002,9.01539,0.009372418083000001,-0.0013439035236000002,-0.0049043751979
492,361.3462688,-2.67813,3.3550199999999997,9.01539,0.008534660042000002,-0.0018325957145000002,-0.0047298422727
493,361.3462688,-2.67813,3.3550199999999997,9.01539,0.007853981634000003,-0.0020769418094000003,-0.0043633231301
494,361.3462688,-2.6879399999999998,3.3550199999999997,9.01539,0.007853981634000003,-0.0023212879046,-0.0043633231301
495,361.3462688,-2.6879399999999998,3.3550199999999997,9.005579999999998,0.008255407362000002,-0.0018675022991000005,-0.0045902159327000005
496,361.3462688,-2.67813,3.3550199999999997,9.00558,0.008587019920200003,-0.0013089969385000004,-0.004799655442999999
497,361.3462688000001,-2.68794,3.3550199999999997,9.00558,0.008517206750100002,-0.0011868238905000004,-0.0048694686131
498,361.3462688000001,-2.67813,3.3550199999999997,9.00558,0.008639379797700002,-0.0017627825445000003,-0.00493928178318
499,361.3462688000001,-2.6879399999999998,3.3550199999999997,9.005579999999998,0.008429940287500003,-0.0020594885175000003,-0.00466002910288
500,361.3462688,-2.68794,3.3550199999999997,9.005579999999998,0.008011061267100002,-0.0021816615651000003,-0.00366519142928
501,361.3462688,-2.6879399999999998,3.3452100000000002,9.005579999999998,0.008464846872300001,-0.0040840704494,-0.0010646508436799999
502,361.3462688,-2.68794,3.3255899999999996,9.005579999999998,0.006859143960500001,-0.0056374134837,0.0037524578919200004
503,361.3462688,-2.6879399999999998,3.3157799999999993,9.00558,0.0022165681495000026,-0.006213372136800001,0.010594148559320001
504,361.3462688,-2.67813,3.30597,9.00558,-0.0027925268034999975,-0.007853981633700002,0.02211332161832
505,361.3462688000001,-2.6781300000000003,3.30597,9.01539,-0.009459684545499999,-0.0074525559058000014,0.03469714552932
506,361.3462688000001,-2.67813,3.30597,9.0252,-0.016755160819499997,-0.00705113017782,0.04682718383282
507,361.3462688000001,-2.66832,3.2961599999999995,9.0252,-0.019896753472699997,-0.008028514558820001,0.059445914325820005
508,361.3462688,-2.67813,3.30597,9.0252,-0.029722957164699998,-0.003543018380820001,0.07044148861590001
509,361.3462688,-2.67813,3.3157799999999993,9.0252,-0.0315380995866,-0.0013439035233200006,0.081978114973
510,361.3462688,-2.66832,3.30597,9.0252,-0.0330041761588,-0.0007679448702200009,0.08820894040300001
511,361.3462688,-2.69775,3.3255899999999996,9.025200000000002,-0.03426081321988,0.004520402762779999,0.09510299094800001
512,361.3462688,-2.70756,3.3550200000000006,9.01539,-0.03234095104308,0.011606439525979999,0.093252941941
513,361.3462688000001,-2.69775,3.3746400000000003,9.01539,-0.024242623313079997,0.013281955607979998,0.08340928496
514,361.3462688000001,-2.70756,3.38445,9.005579999999998,-0.01593485607408,0.01670280094208,0.069848076676
515,361.3462688000001,-2.70756,3.38445,9.005579999999998,-0.007644542127079998,0.01886700921428,0.057211892887
516,361.3462688,-2.70756,3.38445,8.995769999999998,0.0007504915749200018,0.018867009214279997,0.043825217522
517,361.3462688,-2.71737,3.39426,8.99577,0.004258603371120001,0.01785471824728,0.030351275696
518,361.3462688,-2.71737,3.3844499999999997,8.98596,0.011676252695120001,0.013089969389279999,0.021537362971
519,361.3462688,-2.70756,3.3746400000000003,8.98596,0.009302604912120002,0.00930260491278,0.011641346111
520,361.3462688,-2.71737,3.38445,8.98596,0.008464846872120003,0.005358160803079999,0.004223696789699999
521,361.3462688000001,-2.68794,3.36483,8.985959999999999,0.0080808744367,-0.0020943951029200004,-0.006614797865300001
522,361.3462688000001,-2.68794,3.3452100000000002,8.995769999999998,0.006894050545700002,-0.01080358807092,-0.0104719755123
523,361.3462688000001,-2.69775,3.3354,8.995769999999998,0.002827433387700002,-0.013404128656520001,-0.0077143552943
524,361.3462688,-2.68794,3.3354,9.00558,-0.0009948376742999975,-0.014381513037520003,-0.0049392817832
525,361.3462688,-2.67813,3.3354,9.00558,-0.002286381321299998,-0.01427679328252,-0.0035430183813999995
526,361.3462688,-2.67813,3.3354,9.01539,-0.002286381321299998,-0.010803588070600001,-0.0008901179183000004
527,361.3462688,-2.66832,3.3354,9.01539,6.981316850000196e-05,-0.005009094953600001,-3.4906585300000396e-05
528,361.3462688,-2.65851,3.3354,9.0252,0.0064228116465000025,-0.0019198621776000007,-0.0039095375253
529,361.3462688000001,-2.6585099999999997,3.3354,9.0252,0.014416419620500004,0.001256637060699999,-0.007784168465299999
530,361.3462688000001,-2.65851,3.3354,9.01539,0.019181168477500003,0.005410520680659999,-0.008726646261
531,361.3462688000001,-2.66832,3.3354,9.01539,0.020001473225900006,0.00815068760666,-0.007382742736599999
532,361.3462688,-2.6585099999999997,3.3354,9.01539,0.018657569701900002,0.008813912722659998,-0.005515240437000001
533,361.3462688,-2.66832,3.3354,9.01539,0.016283921919900003,0.00832522053226,-0.0038048177698
534,361.3462688,-2.6683199999999996,3.3354,9.01539,0.014381513035600002,0.00600393262676,-0.0033510321643
535,361.3462688,-2.66832,3.3354,9.01539,0.012304571225900002,0.0024609142456599995,-0.0038571776473000003
536,361.3462688,-2.6683199999999996,3.3354,9.01539,0.010297442586600003,-0.0018849555922400008,-0.004921828490999999
537,361.3462688000001,-2.66832,3.3354,9.01539,0.008587019919600003,-0.00507890812344,-0.0053756140965
538,361.3462688000001,-2.6683199999999996,3.3452100000000002,9.01539,0.0061086523816000025,-0.006527531402439999,-0.0044331362999
539,361.3462688000001,-2.66832,3.3452100000000002,9.01539,0.003909537524600002,-0.006527531402440001,-0.0032986722857
540,361.3462688,-2.6683199999999996,3.3452100000000002,9.0252,0.002687807048700002,-0.007190756518200001,-0.0027750735105
541,361.3462688,-2.65851,3.3452100000000002,9.0252,0.0037000980148000017,-0.0066671577428,-0.003630284844
542,361.3462688,-2.6487,3.3354,9.0252,0.005742133239800003,-0.005096361415760001,-0.0043633231299
543,361.3462688,-2.6487,3.3452100000000002,9.0252,0.007749261879200002,-0.004241150082460001,-0.0052534410483999995
544,361.3462688,-2.6487000000000003,3.3452100000000002,9.0252,0.008517206750100002,-0.0033859387489600006,-0.0055850536063
545,361.3462688000001,-2.6487,3.3452100000000002,9.0252,0.008918632478000002,-0.0026354471706600004,-0.0057421332389999994
546,361.3462688000001,-2.65851,3.3452100000000002,9.025200000000002,0.010471975512300002,-0.0009424777962600006,-0.0058643062866
547,361.3462688000001,-2.66832,3.3550200000000006,9.025200000000002,0.011501719771300002,0.0010471975509399995,-0.0059166661642
548,361.3462688,-2.66832,3.3452100000000002,9.0252,0.013980087309300001,0.0024958208299399993,-0.0064402649398
549,361.3462688,-2.67813,3.3354,9.0252,0.0160046692413,0.0027576202177399993,-0.0065973445724999994
550,361.3462688,-2.69775,3.3354,9.0252,0.016737707527200003,0.00399680398664,-0.006335545184700001
551,361.3462688,-2.70756,3.3354,9.01539,0.0159697626564,0.004485496177199999,-0.00528834763352
552,361.3462688,-2.71737,3.3452100000000002,9.01539,0.014468779499500001,0.0037524578913599995,-0.00495673507562
553,361.3462688000001,-2.70756,3.3354,9.01539,0.012339477812100002,0.0013439035240599994,-0.00514872129332
554,361.3462688000001,-2.70756,3.3354,9.01539,0.009599310886500002,-0.0024958208299400006,-0.0049916416606199995
555,361.3462688000001,-2.70756,3.3354,9.01539,0.006667157743300002,-0.00640535835414,-0.00455530934764
556,361.3462688,-2.69775,3.3354,9.01539,0.004014257280200002,-0.00952949771564,-0.0036651914291400004
557,361.3462688,-2.67813,3.3255899999999996,9.01539,0.002007128640500002,-0.01024508270884,-0.00265290046296
558,361.3462688,-2.6781300000000003,3.3354,9.01539,0.0003665191435000017,-0.009581857592840002,-0.00188495559216
559,361.3462688,-2.66832,3.36483,9.01539,0.00013962634050000144,-0.00811578102094,-0.00209439510266
560,361.3462688,-2.65851,3.36483,9.01539,0.002775073510500002,-0.00563741348304,-0.0032986722866600003
561,361.3462688000001,-2.65851,3.36483,9.01539,0.0075398223683000015,-0.0030368728980000007,-0.0056897733617399995
562,361.3462688000001,-2.66832,3.3550199999999997,9.00558,0.012374384396200002,-0.00013962633920000037,-0.007539822369339999
563,361.3462688000001,-2.6781300000000003,3.3550199999999997,9.005579999999998,0.0149051118112,0.0023038346131999997,-0.007382742736639999
564,361.3462688,-2.6879399999999998,3.3452100000000002,9.005579999999998,0.0153938040012,0.0037873644771999997,-0.00649262481814
565,361.3462688,-2.68794,3.3452100000000002,8.995769999999998,0.015882496191200003,0.0067195176203,-0.005253441049219999
566,361.3462688,-2.6879399999999998,3.3452100000000002,8.995769999999998,0.015568336926300002,0.0084299402877,-0.004590215933520001
567,361.3462688,-2.69775,3.3452100000000002,8.99577,0.014590952545200004,0.006684611035900001,-0.0043633231308
568,361.3462688,-2.69775,3.3452100000000002,8.99577,0.011554079646200002,0.0019722220559,-0.004764748858700001
569,361.3462688000001,-2.69775,3.3255899999999996,8.99577,0.009215338448800004,-0.0025132741221,-0.0050963614167
570,361.3462688000001,-2.6879399999999998,3.3255899999999996,8.99577,0.0069813170068000014,-0.0047123889797000005,-0.0047647488587
571,361.3462688000001,-2.67813,3.3255899999999996,9.005579999999998,0.0037699111828000025,-0.006056292503699999,-0.0035779249676999997
572,361.3462688,-2.6683199999999996,3.3354,9.01539,0.0005934119438000018,-0.008080874436500001,-0.0025481807085
573,361.3462688,-2.65851,3.3354,9.01539,-0.00034906585189999826,-0.008691739674700001,-0.00233874119828
574,361.3462688,-2.6487,3.3452100000000002,9.01539,0.0023911010742000017,-0.005846852994100001,-0.0033161255793800006
575,361.3462688,-2.6487,3.3452100000000002,9.025200000000002,0.005986479334200002,-0.0038222710622,-0.00506145483138
576,361.3462688,-2.65851,3.3452100000000002,9.0252,0.008988445647200001,-0.0030892327764,-0.00654498469558
577,361.3462688000001,-2.66832,3.3452100000000002,9.0252,0.010629055144000001,-0.0036302848444,-0.007609635539280001
578,361.3462688000001,-2.66832,3.3354,9.0252,0.012653637076500001,-0.0010297442594000001,-0.00691150383848
579,361.3462688000001,-2.66832,3.3354,9.0252,0.012897983171800001,0.0028623399725999994,-0.00504400153848
580,361.3462688,-2.66832,3.3452099999999994,9.0252,0.011676252695300001,0.002775073509999999,-0.0035604716742800003
581,361.3462688,-2.66832,3.3550199999999997,9.0252,0.010245082709100002,0.0007330382855999993,-0.00296705972838
582,361.3462688,-2.66832,3.3550199999999997,9.025200000000002,0.009564404301300001,-0.0006283185306000008,-0.00293215314338
583,361.3462688,-2.66832,3.3550199999999997,9.025200000000002,0.0102276294171,0.00026179938789999924,-0.0035081117965
584,361.3462688,-2.66832,3.3550199999999997,9.0252,0.010629055145000002,-0.00019198621766000076,-0.0045029494703
585,361.3462688000001,-2.67813,3.3550199999999997,9.0252,0.010140362954,-0.002268928027060001,-0.0050789081233000005
586,361.3462688000001,-2.67813,3.3550199999999997,9.0252,0.008604473212200002,-0.004066617156260001,-0.0050789081233
587,361.3462688000001,-2.67813,3.3550199999999997,9.0252,0.008272860654400001,-0.0027227136325600008,-0.0044680428851
588,361.3462688,-2.68794,3.3550199999999997,9.0252,0.007923794804,-0.0018849555915600009,-0.0043109632523999995
589,361.3462688,-2.69775,3.3550199999999997,9.0252,0.008168140899100002,-0.0028099800949600005,-0.0049567350756000005
590,361.3462688,-2.69775,3.3550199999999997,9.025200000000002,0.008011061266400001,-0.004084070448860001,-0.0054628805587
591,361.3462688,-2.69775,3.3550200000000006,9.025200000000002,0.007557275660900001,-0.0039269908162600006,-0.005358160803600001
592,361.3462688,-2.69775,3.3550200000000006,9.0252,0.007644542123500002,-0.0024085543673600003,-0.0048171087355
593,361.3462688000001,-2.69775,3.36483,9.0252,0.0076096355384,-0.0025307274150200005,-0.0047123889804
594,361.3462688000001,-2.69775,3.3746400000000003,9.0252,0.007766715171400001,-0.0032637657008600003,-0.0047647488574
595,361.3462688000001,-2.69775,3.3746400000000003,9.0252,0.007644542123400001,-0.003577924966460001,-0.0048869219054
596,361.3462688,-2.6879399999999998,3.3746400000000003,9.0252,0.008412486994300002,-0.0019896753474600007,-0.0049218284904
597,361.3462688,-2.6879399999999998,3.3746400000000003,9.0252,0.008901179185100002,-0.0012915436466600003,-0.005201081170700001
598,361.3462688,-2.67813,3.3746400000000003,9.025200000000002,0.009337511498100002,-0.0016406094970600003,-0.005567600313700001
599,361.3462688,-2.6781300000000003,3.3746400000000003,9.025200000000002,0.0089360857703,-0.0021991148577400004,-0.0056374134838
600,361.3462688,-2.67813,3.36483,9.0252,0.008883725892700003,-0.0013788101093400007,-0.0054279739735
601,361.3462688000001,-2.67813,3.3550199999999997,9.0252,0.009267698328200001,-0.00047123889824000057,-0.0052359877558
602,361.3462688000001,-2.67813,3.3550199999999997,9.01539,0.009477137838400002,-0.0008901179187400006,-0.005689773361300001
603,361.3462688000001,-2.67813,3.3550200000000006,9.01539,0.009669124056400002,-0.0015707963269800008,-0.0057944931164
604,361.3462688,-2.67813,3.3452100000000002,9.01539,0.008569566627400002,-0.0017802358371800005,-0.005096361416
605,361.3462688,-2.66832,3.3452100000000002,9.01539,0.007504915784000002,-0.0011344640137800003,-0.0041713369122
606,361.3462688,-2.66832,3.3452100000000002,9.01539,0.006405358355300002,-0.0019373154696800004,-0.0037350045992
607,361.3462688,-2.65851,3.3452100000000002,9.01539,0.005515240436500002,-0.0031590459460800004,-0.0035953782589999996
608,361.3462688,-2.6585099999999997,3.3452100000000002,9.01539,0.005148721293600001,-0.0039095375244800005,-0.0038397243541999997
609,361.3462688000001,-2.6487,3.3452100000000002,9.01539,0.005794493116400001,-0.003926990817,-0.0046949356879
610,361.3462688000001,-2.6585099999999997,3.3452100000000002,9.01539,0.0069115038382,-0.003665191429200001,-0.0057072266543
611,361.3462688000001,-2.6683199999999996,3.3452100000000002,9.01539,0.0081506876074,-0.003298672286300001,-0.0064053583551
612,361.3462688,-2.67813,3.3452100000000002,9.0252,0.009075712111400002,-0.0025656340005,-0.006230825429900001
613,361.3462688,-2.6879399999999998,3.3354,9.025200000000002,0.008866272600900001,-0.0014835298643000004,-0.0056723200692999996
614,361.3462688,-2.68794,3.3354,9.025200000000002,0.008866272600900001,-0.0004886921907000003,-0.00507890812362
615,361.3462688,-2.6879399999999998,3.3354,9.0252,0.0090233522336,-0.0004363323131000003,-0.00502654824612
616,361.3462688,-2.68794,3.3354,9.0252,0.009232791743800001,-0.0008203047482000004,-0.005009094953619999
617,361.3462688000001,-2.6879399999999998,3.3354,9.0252,0.008901179185900002,-0.0009075712108000004,-0.00459021593322
618,361.3462688000001,-2.68794,3.3452100000000002,9.0252,0.0084648468729,-0.0010471975509000002,-0.0037699111848200004
619,361.3462688000001,-2.6879399999999998,3.3550199999999997,9.0252,0.008028514560300001,-0.0023038346123,-0.00260054058578
620,361.3462688,-2.67813,3.3550199999999997,9.0252,0.0078190750493,-0.0039444441094,-0.0012566370615800001
621,361.3462688,-2.6781300000000003,3.3550199999999997,9.025200000000002,0.0077841684643000005,-0.0050440015382,-0.00071558499348
622,361.3462688,-2.67813,3.3550199999999997,9.025200000000002,0.007574728953300002,-0.0054803338512,-0.00132645023148
623,361.3462688,-2.67813,3.3550199999999997,9.0252,0.008883725892800001,-0.005096361415800001,-0.00214675497988
624,361.3462688,-2.6879399999999998,3.3550199999999997,9.0252,0.009616764178800002,-0.004607669225200001,-0.00249582083026
625,361.3462688000001,-2.69775,3.3550199999999997,9.01539,0.010000736614300001,-0.0036302848441000005,-0.00218166156486
626,361.3462688000001,-2.69775,3.3550199999999997,9.005579999999998,0.010245082709600003,-0.0025307274157000004,-0.0018675022994600003
627,361.3462688000001,-2.69775,3.36483,9.00558,0.010978120995500001,-0.0017976891298000005,-0.00169296937426
628,361.3462688,-2.69775,3.36483,9.00558,0.011449359893500002,-0.0011170107215000005,-0.0011693705986600001
629,361.3462688,-2.69775,3.36483,9.00558,0.011431906601000002,-0.0011868238915000004,-3.490658470000005e-05
630,361.3462688,-2.69775,3.3746400000000003,9.00558,0.010454522220200001,-0.0014660765715000003,0.0009773843811
631,361.3462688,-2.6879399999999998,3.3746400000000003,9.005579999999998,0.008412486995000001,-0.0023561944899,0.0023911010751
632,361.3462688,-2.6781300000000003,3.3746400000000003,9.005579999999998,0.007312929566600001,-0.0033859387485000005,0.0039269908167
633,361.3462688000001,-2.66832,3.3746400000000003,9.005579999999998,0.005934119457000001,-0.0046949356875,0.0045378560549
634,361.3462688000001,-2.6585099999999997,3.3746400000000003,9.005579999999998,0.005934119457,-0.005602506898599999,0.004049163864299999
635,361.3462688000001,-2.6585099999999997,3.3746400000000003,9.01539,0.006405358355200001,-0.0063180918919000005,0.003228859115800001
636,361.3462688,-2.66832,3.3746400000000003,9.025200000000002,0.007714355294300002,-0.0058992128714,0.0028623399729
637,361.3462688,-2.67813,3.36483,9.0252,0.0078365283419,-0.0048694686128,0.0027401669253000003
638,361.3462688,-2.6879399999999998,3.36483,9.0252,0.0080110612671,-0.0046600291026,0.0022165681497
639,361.3462688,-2.6879399999999998,3.36483,9.0252,0.007138396641120001,-0.0033335788712,0.0014835298637000001
640,361.3462688,-2.68794,3.36483,9.0252,0.006719517620620001,-0.0021293016874000003,0.0006632251157000001
641,361.3462688000001,-2.6879399999999998,3.36483,9.0252,0.007749261879320001,-0.0011868238914000003,-0.0006283185306
642,361.3462688000001,-2.68794,3.36483,9.0252,0.00865683309072,-0.0015009831570000002,-0.001850049007
643,361.3462688000001,-2.6879399999999998,3.36483,9.025200000000002,0.008691739675820001,-0.0018151424223000004,-0.002251474735
644,361.3462688,-2.68794,3.36483,9.025200000000002,0.008342673825220002,-0.0021816615652,-0.0023736477826
645,361.3462688,-2.68794,3.36483,9.0252,0.008621926505220001,-0.0020420352250400003,-0.0026005405853
646,361.3462688,-2.68794,3.36483,9.0252,0.008080874437220002,-0.0017104226671400002,-0.00246091424518
647,361.3462688,-2.68794,3.36483,9.0252,0.00804596785222,-0.0019198621773400004,-0.0025481807077799997
648,361.3462688,-2.6879399999999998,3.3550199999999997,9.0252,0.008080874437320001,-0.0017976891297400005,-0.00296705972828
649,361.3462688000001,-2.69775,3.3452100000000002,9.01539,0.008726646260600001,-0.0020071286399400002,-0.00380481776928
650,361.3462688000001,-2.69775,3.3354,9.01539,0.009337511498800003,-0.00195476876234,-0.00432841654488
651,361.3462688000001,-2.69775,3.3354,9.01539,0.008656833090500003,-0.0024609142454400006,-0.00408407044962
652,361.3462688,-2.69775,3.3452099999999994,9.01539,0.007470009198800001,-0.0026179938774400003,-0.00380481776932
653,361.3462688,-2.69775,3.3452099999999994,9.01539,0.006684611035380002,-0.0029146998505400006,-0.0031764992386
654,361.3462688,-2.68794,3.3452099999999994,9.01539,0.005899212872020001,-0.0026529004627400005,-0.0027401669256
655,361.3462688,-2.67813,3.3452099999999994,9.01539,0.006021385920020001,-0.0032288591159000007,-0.0033859387490999997
656,361.3462688,-2.66832,3.3452099999999994,9.01539,0.006684611036020002,-0.004293509959700001,-0.0047298422730199996
657,361.3462688000001,-2.66832,3.3452099999999994,9.01539,0.007976154682220002,-0.0042935099597,-0.005724679946619999
658,361.3462688000001,-2.6683199999999996,3.3452099999999994,9.01539,0.008377580409720002,-0.004014257279300001,-0.005846852994219999
659,361.3462688000001,-2.66832,3.3452099999999994,9.025200000000002,0.009145525280520001,-0.0030543261907000005,-0.005689773361519999
660,361.3462688,-2.67813,3.3452099999999994,9.0252,0.009075712110420003,-0.0021118483947000005,-0.005323254218619999
661,361.3462688,-2.6781300000000003,3.3550199999999997,9.01539,0.009197885158020003,-0.0008901179183000007,-0.00504400153828
662,361.3462688,-2.67813,3.3550199999999997,9.01539,0.009197885158020001,-0.0005061454833000006,-0.005026548245779999
663,361.3462688,-2.6781300000000003,3.3550199999999997,9.01539,0.009250245035540002,-0.0006981317003000006,-0.0055676003138999995
664,361.3462688,-2.6879399999999998,3.3550199999999997,9.01539,0.009389871375700002,-0.0015533430333000008,-0.0058119464092
665,361.3462688000001,-2.68794,3.3550199999999997,9.01539,0.007923794803780002,-0.0024958208291000006,-0.0048869219053999996
666,361.3462688000001,-2.6879399999999998,3.3550199999999997,9.01539,0.00664970444938,-0.0031939525301000007,-0.0040840704496
667,361.3462688000001,-2.67813,3.3550199999999997,9.01539,0.005497787143280001,-0.0040142572785,-0.0035779249666000002
668,361.3462688,-2.66832,3.3550199999999997,9.01539,0.005742133239280001,-0.0038397243533000005,-0.0036651914292
669,361.3462688,-2.66832,3.3550199999999997,9.01539,0.00631809189228,-0.0033684854551000003,-0.004188790204799999
670,361.3462688,-2.6585099999999997,3.3550199999999997,9.01539,0.007766715171480002,-0.003385938747600001,-0.0052883476336
671,361.3462688,-2.6683199999999996,3.3452100000000002,9.0252,0.008848819307680002,-0.004188790203500001,-0.0049218284907
672,361.3462688,-2.66832,3.3354,9.01539,0.00930260491318,-0.0037175513055000007,-0.0029321531437000005
673,361.3462688000001,-2.6683199999999996,3.3354,9.01539,0.007504915783580002,-0.0046600291025,0.0008552113335
674,361.3462688000001,-2.66832,3.3255899999999996,9.01539,0.0046774823953800015,-0.0062308254295,0.0067718774973
675,361.3462688000001,-2.67813,3.3255899999999996,9.01539,-0.003368485456699999,-0.0046774823955,0.014189526818499998
676,361.3462688,-2.67813,3.3255899999999996,9.01539,-0.009512044423299998,-0.006195918844499999,0.0221307749147
677,361.3462688,-2.6585099999999997,3.3255899999999996,9.0252,-0.012514010737199998,-0.009948376735899999,0.0307701547117
678,361.3462688,-2.67813,3.3354,9.0252,-0.0179245314182,-0.0081332343137,0.0416086493698
679,361.3462688,-2.66832,3.3452100000000002,9.0252,-0.0208217779763,-0.006492624816699999,0.049131018445699996
680,361.3462688,-2.66832,3.3550199999999997,9.0252,-0.020647245051299997,-0.0058817595786,0.052342424269199994
681,361.3462688000001,-2.66832,3.3550199999999997,9.025200000000002,-0.0227940000312,-0.001413716693,0.054227379861
682,361.3462688000001,-2.6879399999999998,3.36483,9.025200000000002,-0.02174680248,0.004363323131,0.057683131779999994
683,361.3462688000001,-2.68794,3.3746400000000003,9.01539,-0.017348572764999997,0.007976154683,0.05443681937092
684,361.3462688,-2.70756,3.39426,9.005579999999998,-0.011484266477999999,0.010908307826079999,0.04857251308472
685,361.3462688,-2.69775,3.39426,8.995769999999998,-0.003839724353899999,0.011397000016679999,0.04267330021272
686,361.3462688,-2.69775,3.39426,8.99577,0.0009948376737000007,0.01303760951358,0.035377823939759995
687,361.3462688,-2.71737,3.40407,8.98596,0.0020071286407000004,0.013700834628579999,0.02604031244176
688,361.3462688,-2.69775,3.39426,8.98596,0.0047822021507,0.008220500777579999,0.015289084246259998
689,361.3462688000001,-2.69775,3.3844499999999997,8.98596,0.0042236967898000004,0.0036477381365799997,0.008831366014059998
690,361.3462688000001,-2.69775,3.38445,8.98596,0.0011693705990000007,0.00033161255757999976,0.005986479333459997
691,361.3462688000001,-2.68794,3.38445,8.985959999999999,0.002583087293100001,-0.0038222710626199994,0.002949606435359998
692,361.3462688,-2.66832,3.3746400000000003,8.995769999999998,0.0021816615651000003,-0.00836012711772,-0.0024260076605400016
693,361.3462688,-2.66832,3.36483,9.00558,0.0015707963271000005,-0.00872664626072,-0.003665191429460002
694,361.3462688,-2.65851,3.3550199999999997,9.01539,0.0011344640141000006,-0.0084648468729,-0.004729842273260001
695,361.3462688,-2.6585099999999997,3.3550199999999997,9.0252,0.0035779249670000006,-0.008621926505600001,-0.006544984695260001
696,361.3462688,-2.66832,3.3550199999999997,9.0252,0.0054105206814,-0.007347836151700001,-0.006614797865340002
697,361.3462688000001,-2.66832,3.3452100000000002,9.0252,0.0062308254295,-0.004660029103300001,-0.005183627878440002
698,361.3462688000001,-2.66832,3.3452100000000002,9.0252,0.0068765972529,-0.0021991148584000007,-0.004188790204840001
699,361.3462688000001,-2.66832,3.3452100000000002,9.0252,0.0083252205323,-0.0006981317012000009,-0.004310963252440001
700,361.3462688,-2.66832,3.3354,9.0252,0.010122909662100001,0.001413716693999999,-0.004625122517740001
701,361.3462688,-2.66832,3.3354,9.025200000000002,0.0116238928189,0.0019896753470999987,-0.005515240436640001
702,361.3462688,-2.66832,3.3354,9.025200000000002,0.0126885436629,0.0017976891293999988,-0.006562437987740001
703,361.3462688,-2.66832,3.3354,9.01539,0.012897983172900002,0.0016406094968999987,-0.0063529984777400015
704,361.3462688,-2.6683199999999996,3.3354,9.01539,0.0114668131859,0.0015882496192999988,-0.0054977871442400015
705,361.3462688000001,-2.67813,3.3354,9.01539,0.0098785635665,0.0006457718231999988,-0.004799655443440002
706,361.3462688000001,-2.66832,3.3354,9.01539,0.0084997534576,-0.0007853981636000013,-0.004694935688320002
707,361.3462688000001,-2.6781300000000003,3.3354,9.01539,0.007976154682,-0.0021816615650000013,-0.005358160804120001
708,361.3462688,-2.67813,3.3354,9.01539,0.0077667151718,-0.0036302848439000016,-0.006143558967520001
709,361.3462688,-2.67813,3.3354,9.01539,0.007033676886000001,-0.004642575810100001,-0.006161012260020002
710,361.3462688,-2.67813,3.3354,9.01539,0.005846852994400001,-0.0057421332388000014,-0.005148721293920001
711,361.3462688,-2.67813,3.3354,9.01539,0.004607669225400001,-0.006073745796660001,-0.004153883619920001
712,361.3462688,-2.67813,3.3452100000000002,9.01539,0.004241150082400001,-0.005393067388860001,-0.0033859387491200015
713,361.3462688000001,-2.67813,3.3452100000000002,9.0252,0.004694935688400001,-0.004694935688360001,-0.0034557519191200014
714,361.3462688000001,-2.66832,3.3452100000000002,9.0252,0.0065624379884,-0.003926990817660002,-0.0043633231306200015
715,361.3462688000001,-2.65851,3.3452100000000002,9.0252,0.009058258818800001,-0.0022165681504600016,-0.0056897733624200015
716,361.3462688,-2.66832,3.3452100000000002,9.01539,0.011571532941700002,-0.0002792526805600012,-0.006335545185700002
717,361.3462688,-2.6683199999999996,3.3452100000000002,9.00558,0.012758356833,0.0015707963263599987,-0.005934119457720001
718,361.3462688,-2.67813,3.3452100000000002,8.995769999999998,0.0128456232956,0.0025481807073599984,-0.005602506899820002
719,361.3462688,-2.67813,3.3452100000000002,8.995769999999998,0.012775810125500001,0.0026878070473599987,-0.005462880559720001
720,361.3462688,-2.68794,3.3452100000000002,8.995769999999998,0.0121300383022,0.0020245819318599986,-0.005794493117520001
721,361.3462688000001,-2.6879399999999998,3.3452100000000002,8.995769999999998,0.0108559479483,6.981316981999816e-05,-0.006091199090320002
722,361.3462688000001,-2.68794,3.3354,8.99577,0.00888372589338,-0.0025307274151800015,-0.006213372138020002
723,361.3462688000001,-2.6879399999999998,3.3354,8.99577,0.00659734457298,-0.004729842272380002,-0.005480333852020002
724,361.3462688,-2.68794,3.3354,8.99577,0.004188790204880001,-0.0056199601906800015,-0.003787364477100002
725,361.3462688,-2.6879399999999998,3.3452100000000002,8.99577,0.002076941809880001,-0.006387905061780001,-0.0025307274154000017
726,361.3462688,-2.67813,3.3550199999999997,9.005579999999998,0.0013613568168800007,-0.006736970912180002,-0.0028099800957000014
727,361.3462688,-2.66832,3.3550199999999997,9.01539,0.003298672287080001,-0.006457718231900002,-0.004223696789780002
728,361.3462688,-2.66832,3.3550199999999997,9.0252,0.006562437988280001,-0.004468042884800001,-0.005654866776380002
729,361.3462688000001,-2.67813,3.3550199999999997,9.01539,0.010262536002780001,-0.0023212879047000015,-0.0069289571302800015
730,361.3462688000001,-2.67813,3.3550199999999997,9.00558,0.01258382390768,-0.00036651914270000144,-0.007243116395680002
731,361.3462688000001,-2.67813,3.3550199999999997,8.995769999999998,0.013491395118680003,0.0019198621771999986,-0.0063529984771800024
732,361.3462688,-2.6879399999999998,3.36483,8.995769999999998,0.0125663706151,0.0027925268031999987,-0.004782202150380001
733,361.3462688,-2.68794,3.36483,8.995769999999998,0.011065387458500001,0.0023387411973999983,-0.003944444109380002
734,361.3462688,-2.6879399999999998,3.36483,8.995769999999998,0.010262536002600001,0.00010471975469999832,-0.004118977034600001
735,361.3462688,-2.68794,3.3550199999999997,8.99577,0.0091804318664,-0.0027925268032000018,-0.003839724354300001
736,361.3462688,-2.6879399999999998,3.3550200000000006,8.99577,0.007819075049480002,-0.004677482395700002,-0.0030717794834000016
737,361.3462688000001,-2.68794,3.36483,8.99577,0.00598647933448,-0.006021385919900002,-0.0023387411976000015
738,361.3462688000001,-2.67813,3.36483,8.99577,0.004712388980480001,-0.007120943348600001,-0.0017976891295000013
739,361.3462688000001,-2.67813,3.36483,9.005579999999998,0.0034906585034800014,-0.007086036763700001,-0.0013089969390000012
740,361.3462688,-2.67813,3.36483,9.01539,0.003525565088480001,-0.006597344573200002,-0.0018500490071000012
741,361.3462688,-2.68794,3.36483,9.0252,0.005218534463380001,-0.006352998477900003,-0.0032288591158000013
742,361.3462688,-2.68794,3.3550199999999997,9.01539,0.007539822368880002,-0.005515240436900002,-0.004101523741780001
743,361.3462688,-2.69775,3.3550199999999997,9.00558,0.010262536001880002,-0.004171336912600002,-0.0032463124087800015
744,361.3462688,-2.69775,3.36483,8.995769999999998,0.00959931088608,-0.002094395102600002,-0.0013264502314800017
745,361.3462688000001,-2.69775,3.3746400000000003,8.995769999999998,0.010314895879380002,-0.001064650844600002,-0.0010297442586800017
746,361.3462688000001,-2.69775,3.36483,8.995769999999998,0.0107686814849,-0.00040142572850000214,-0.0006108652381800016
747,361.3462688000001,-2.69775,3.36483,8.995769999999998,0.011344640138,0.000191986217399998,-0.0006457718231800017
748,361.3462688,-2.69775,3.3746399999999994,8.99577,0.011519173063,-0.000506145483400002,-0.0016755160822800013
749,361.3462688,-2.6879399999999998,3.3746399999999994,8.99577,0.011554079648000001,-0.0025656340004000023,-0.0029496064366800016
750,361.3462688,-2.6879399999999998,3.3746399999999994,8.99577,0.010733774899900001,-0.003211405823600002,-0.0024085543685800014
751,361.3462688,-2.6879399999999998,3.3746399999999994,8.99577,0.0091629785727,-0.003385938748800002,-0.0012217304776200016
752,361.3462688,-2.6879399999999998,3.3746399999999994,9.005579999999998,0.0081506876062,-0.003909537524400002,-0.0013613568177400013
753,361.3462688000001,-2.6879399999999998,3.3746399999999994,9.01539,0.006894050544700002,-0.004276056667300002,-0.0027052603413400015
754,361.3462688000001,-2.6879399999999998,3.3746400000000003,9.0252,0.00762708883058,-0.005009094953100002,-0.004590215933540002
755,361.3462688000001,-2.68794,3.36483,9.025200000000002,0.007382742735280001,-0.004380776422100002,-0.005340707511840002
756,361.3462688,-2.6879399999999998,3.36483,9.025200000000002,0.006981317007280002,-0.004991641660200002,-0.006405358355540002
757,361.3462688,-2.68794,3.3550199999999997,9.0252,0.006038839211220001,-0.0054279739732000015,-0.005881759579940001
758,361.3462688,-2.6879399999999998,3.3452100000000002,9.0252,0.004939281782720002,-0.0050963614154000015,-0.004345869837740002
759,361.3462688,-2.68794,3.3452100000000002,9.0252,0.003979350694520002,-0.004450589592400002,-0.0031939525309400024
760,361.3462688,-2.6781300000000003,3.3452100000000002,9.0252,0.004852015320620001,-0.004206243497100002,-0.0034208453337400023
761,361.3462688000001,-2.66832,3.3452100000000002,9.0252,0.006178465551820002,-0.0037873644766000017,-0.004276056667200002
762,361.3462688000001,-2.6585099999999997,3.3452100000000002,9.0252,0.007958701389320002,-0.002967059728200002,-0.005323254218000002
763,361.3462688000001,-2.6487,3.3452100000000002,9.025200000000002,0.009407324668820003,-0.002356194490000002,-0.006283185306400002
764,361.3462688,-2.6585099999999997,3.3354,9.025200000000002,0.01031489587984,-0.001326450231400002,-0.006352998476500002
765,361.3462688,-2.66832,3.3354,9.01539,0.010349802464940001,-0.00045378560544000223,-0.005864306285960002
766,361.3462688,-2.66832,3.3452100000000002,9.01539,0.009896016859440002,3.490658505999767e-05,-0.004956735074960002
767,361.3462688,-2.66832,3.3550200000000006,9.01539,0.009494591131500002,0.00010471975515999772,-0.004747295564760002
768,361.3462688,-2.66832,3.36483,9.01539,0.008796459430700001,-0.00047123889824000236,-0.004694935687260001
769,361.3462688000001,-2.66832,3.3746400000000003,9.01539,0.008587019920400002,-0.0010122909663400025,-0.004625122517160002
770,361.3462688000001,-2.66832,3.3746400000000003,9.01539,0.007923794804500001,-0.0020245819325400024,-0.0048520153198600025
771,361.3462688000001,-2.66832,3.3746400000000003,9.01539,0.007190756518500002,-0.003525565089240003,-0.004817108734860002
772,361.3462688,-2.66832,3.3746400000000003,9.01539,0.006143558966500001,-0.004520402762840002,-0.004171336912060002
773,361.3462688,-2.66832,3.3746400000000003,9.01539,0.0053058009255000016,-0.004677482395540002,-0.0035255650890600025
774,361.3462688,-2.66832,3.3746400000000003,9.01539,0.005427973973400002,-0.004852015320740003,-0.003700098014260002
775,361.3462688,-2.6585099999999997,3.3746400000000003,9.01539,0.005951572749000001,-0.004537856055400002,-0.004066617157200002
776,361.3462688,-2.65851,3.36483,9.01539,0.007103490055300002,-0.0035779249668200022,-0.004537856055200002
777,361.3462688000001,-2.66832,3.36483,9.01539,0.008360127116700002,-0.002914699851120002,-0.005148721293400002
778,361.3462688000001,-2.66832,3.36483,9.01539,0.009494591130500002,-0.002146754979920002,-0.0055152404363000024
779,361.3462688000001,-2.67813,3.36483,9.01539,0.009704030640800002,-0.001850049007020002,-0.0055501470214000025
780,361.3462688,-2.67813,3.36483,9.01539,0.0091629785727,-0.001850049007020002,-0.005026548245800002
781,361.3462688,-2.67813,3.36483,9.01539,0.008342673824700001,-0.0018151424220200023,-0.0044505895926000025
782,361.3462688,-2.67813,3.36483,9.01539,0.007609635539200002,-0.0019198621772200022,-0.004171336912300002
783,361.3462688,-2.67813,3.36483,9.01539,0.007435102613700001,-0.0023387411977200023,-0.0041364303272000014
784,361.3462688,-2.6683199999999996,3.36483,9.01539,0.007470009198700002,-0.0026703537555200023,-0.004485496177600002
785,361.3462688000001,-2.66832,3.36483,9.025200000000002,0.0077841684642000015,-0.0029845130208600024,-0.004956735075600002
786,361.3462688000001,-2.6683199999999996,3.36483,9.025200000000002,0.008185594191800002,-0.003263765701140002,-0.005427973973700003
787,361.3462688000001,-2.66832,3.3550200000000006,9.0252,0.0083077672393,-0.003089232775920002,-0.005707226654000001
788,361.3462688,-2.67813,3.3452100000000002,9.0252,0.008709192966800002,-0.0029670597283200026,-0.006038839211900002
789,361.3462688,-2.67813,3.3354,9.0252,0.008255407361200003,-0.002984513020920002,-0.005916666164200002
790,361.3462688,-2.6781300000000003,3.3354,9.0252,0.007696902000600002,-0.003036872898520002,-0.005480333851220002
791,361.3462688,-2.67813,3.3354,9.0252,0.007347836150200002,-0.003193952531220003,-0.005358160803620002
792,361.3462688,-2.6781300000000003,3.3354,9.0252,0.007103490054900001,-0.003368485456420002,-0.005323254218520002
793,361.3462688000001,-2.67813,3.3452100000000002,9.025200000000002,0.0066671577419000014,-0.003525565089120002,-0.005235987755920002
794,361.3462688000001,-2.6781300000000003,3.3550199999999997,9.025200000000002,0.006335545183800001,-0.003857177647020002,-0.005166174585820002
795,361.3462688000001,-2.67813,3.3550199999999997,9.0252,0.006754424203800002,-0.0042586033749800025,-0.0057072266539200025
796,361.3462688,-2.6781300000000003,3.3550199999999997,9.0252,0.007120943346800001,-0.0034382986265800016,-0.0057944931165200015
797,361.3462688,-2.66832,3.3550199999999997,9.0252,0.007417649319800002,-0.0027227136333000017,-0.005567600313820002
798,361.3462688,-2.6585099999999997,3.3550199999999997,9.0252,0.0070685834699000015,-0.0024783675380200022,-0.005166174585820002
799,361.3462688,-2.6487,3.3550199999999997,9.0252,0.007504915782900001,-0.0018500490072600022,-0.0048869219055200025
800,361.3462688,-2.6486999999999994,3.3550199999999997,9.0252,0.008237954068700001,-0.0015707963268600023,-0.005166174585800002
801,361.3462688000001,-2.6585099999999997,3.3550199999999997,9.025200000000002,0.008761552844300002,-0.0012915436465600022,-0.005497787143700002
802,361.3462688000001,-2.65851,3.36483,9.025200000000002,0.008883725892000002,-0.002007128639360002,-0.005899212871700002
803,361.3462688000001,-2.6585099999999997,3.3550200000000006,9.0252,0.008726646259300001,-0.002775073510060002,-0.006161012259500002
804,361.3462688,-2.65851,3.3452100000000002,9.0252,0.008045967851000002,-0.0027227136325600016,-0.0055152404363000024
805,361.3462688,-2.6585099999999997,3.3452100000000002,9.0252,0.006911503837500001,-0.0026878070475600023,-0.004345869837500002
806,361.3462688,-2.65851,3.3452100000000002,9.0252,0.005986479334300001,-0.0036651914286600024,-0.003944444109500002
807,361.3462688,-2.6585099999999997,3.3550199999999997,9.0252,0.005654866776400001,-0.004590215932160002,-0.004188790204700002
808,361.3462688,-2.65851,3.3550199999999997,9.0252,0.006021385919300001,-0.0049043751975400025,-0.004590215932700002
809,361.3462688000001,-2.6585099999999997,3.3550199999999997,9.025200000000002,0.006911503838100001,-0.004747295564900002,-0.005305800926000002
810,361.3462688000001,-2.66832,3.3550199999999997,9.025200000000002,0.007679448708900002,-0.0042411500819000015,-0.0056374134839000025
811,361.3462688000001,-2.65851,3.3550199999999997,9.0252,0.007801621756500001,-0.0037524578913000024,-0.0053930673886000025
812,361.3462688,-2.6585099999999997,3.3452100000000002,9.0252,0.007923794804100001,-0.002391101075220002,-0.0048694686130000015
813,361.3462688,-2.65851,3.3452100000000002,9.0252,0.008395033702200001,-0.0014660765718200023,-0.004729842272900002
814,361.3462688,-2.6585099999999997,3.3550199999999997,9.0252,0.008883725892800001,-0.0012217304765200024,-0.005131268000900002
815,361.3462688,-2.65851,3.36483,9.0252,0.009075712110500001,-0.0014835298643200022,-0.005480333851300001
816,361.3462688,-2.6585099999999997,3.36483,9.0252,0.0087440995526,-0.002007128639920002,-0.005672320069000002
817,361.3462688000001,-2.65851,3.3550199999999997,9.025200000000002,0.008045967851800001,-0.002617993878120002,-0.005288347633600002
818,361.3462688000001,-2.6585099999999997,3.3550199999999997,9.025200000000002,0.007033676885600001,-0.0030717794836200023,-0.004712388980400002
819,361.3462688000001,-2.65851,3.36483,9.0252,0.005986479334200001,-0.003926990817020002,-0.004485496177700002
820,361.3462688,-2.6487,3.36483,9.0252,0.005410520681100001,-0.004660029102820003,-0.004677482395400002
821,361.3462688,-2.6487,3.36483,9.0252,0.005724679946300002,-0.004694935687860002,-0.005096361415900002
822,361.3462688,-2.65851,3.36483,9.0252,0.006405358354800002,-0.004468042885140002,-0.005532693728900002
823,361.3462688,-2.66832,3.36483,9.0252,0.006806784082900001,-0.004206243497340002,-0.0057944931167000025
824,361.3462688,-2.66832,3.36483,9.0252,0.007243116395700001,-0.003996803987080002,-0.005707226654100002
825,361.3462688000001,-2.67813,3.3550200000000006,9.025200000000002,0.007539822368600001,-0.003455751918880002,-0.005550147021400002
826,361.3462688000001,-2.67813,3.36483,9.025200000000002,0.008063421144200002,-0.0026878070479800023,-0.005358160803700002
827,361.3462688000001,-2.67813,3.3746400000000003,9.0252,0.008587019919800001,-0.002094395102280002,-0.005532693728900003
828,361.3462688,-2.67813,3.3746400000000003,9.0252,0.008691739675,-0.002007128639680002,-0.005742133239200002
829,361.3462688,-2.67813,3.36483,9.0252,0.008726646260000002,-0.0017627825444800024,-0.005532693728900003
830,361.3462688,-2.67813,3.36483,9.0252,0.008621926504900002,-0.001780235836980002,-0.005253441048600002
831,361.3462688,-2.67813,3.3746400000000003,9.0252,0.008115781022000002,-0.002234021442540002,-0.004799655443000002
832,361.3462688,-2.6683199999999996,3.3844499999999997,9.0252,0.007644542123800002,-0.0024609142452600022,-0.004485496177600002
833,361.3462688000001,-2.65851,3.3844499999999997,9.025200000000002,0.007539822368800001,-0.002757620218060002,-0.004520402762600002
834,361.3462688000001,-2.66832,3.3746400000000003,9.025200000000002,0.0079063415118,-0.002897246558220002,-0.004886921905500002
835,361.3462688000001,-2.66832,3.3746400000000003,9.0252,0.007941248096800002,-0.002949606435820002,-0.005218534463400003
836,361.3462688,-2.66832,3.36483,9.0252,0.0076270888314000015,-0.0035255650890200023,-0.005253441048500002
837,361.3462688,-2.66832,3.3550199999999997,9.0252,0.007400196028700001,-0.0038397243544200017,-0.005131268000900002
838,361.3462688,-2.66832,3.3550199999999997,9.0252,0.007330382858600002,-0.003508111796520002,-0.004590215932740002
839,361.3462688,-2.66832,3.36483,9.0252,0.007016223593200002,-0.003263765701220002,-0.004101523742200001
840,361.3462688,-2.66832,3.3746400000000003,9.0252,0.006684611035300002,-0.0030543261910200023,-0.003804817769400002
841,361.3462688000001,-2.66832,3.3746400000000003,9.025200000000002,0.006963863715600001,-0.0029321531433200024,-0.004171336912400002
842,361.3462688000001,-2.66832,3.36483,9.025200000000002,0.007836528341800002,-0.0030019663134000026,-0.004694935688000002
843,361.3462688000001,-2.66832,3.36483,9.0252,0.0084473935798,-0.002670353755600002,-0.005061454831200003
844,361.3462688,-2.6585099999999997,3.36483,9.0252,0.0084124869948,-0.0028623399733000024,-0.005201081171300003
845,361.3462688,-2.6585099999999997,3.36483,9.0252,0.008133234314500002,-0.0036302848442000017,-0.005113814708700002
846,361.3462688,-2.66832,3.36483,9.0252,0.007923794804300001,-0.003176499238700002,-0.004712388980700003
847,361.3462688,-2.6683199999999996,3.36483,9.0252,0.007871434926700002,-0.0023561944903000022,-0.0043109632527000025
848,361.3462688,-2.66832,3.3746399999999994,9.0252,0.007696902001500002,-0.002565634000600002,-0.004363323130260002
849,361.3462688000001,-2.6683199999999996,3.36483,9.025200000000002,0.007644542124000002,-0.003089232776200002,-0.0048520153208000015
850,361.3462688000001,-2.66832,3.3550200000000006,9.025200000000002,0.007801621756700001,-0.003368485456500003,-0.005358160803900002
851,361.3462688000001,-2.6683199999999996,3.3452100000000002,9.0252,0.008150687607300002,-0.0032463124089000027,-0.005515240436500002
852,361.3462688,-2.66832,3.3452100000000002,9.0252,0.008115781022300001,-0.0029146998510000024,-0.005358160803900002
853,361.3462688,-2.6683199999999996,3.3452100000000002,9.0252,0.007243116396200002,-0.003298672286400002,-0.004782202150500002
854,361.3462688,-2.66832,3.3452100000000002,9.0252,0.0068067840833,-0.003019419606100002,-0.004398229715100002
855,361.3462688,-2.6585099999999997,3.3452100000000002,9.0252,0.006963863716000001,-0.0019547687624000025,-0.004276056667500002
856,361.3462688,-2.6487,3.3452100000000002,9.0252,0.007574728954200001,-0.0016755160820600024,-0.004590215932900002
857,361.3462688000001,-2.6487,3.3550199999999997,9.025200000000002,0.007696902001800001,-0.0023212879052600024,-0.005113814708500001
858,361.3462688000001,-2.6487,3.3452100000000002,9.025200000000002,0.008115781022300001,-0.002879793265660002,-0.005480333851400001
859,361.3462688000001,-2.6487,3.3452100000000002,9.0252,0.008045967852200001,-0.002513274122760002,-0.005201081171100002
860,361.3462688,-2.6487,3.3452100000000002,9.0252,0.008011061267200002,-0.0022340214424600023,-0.004904375198200002
861,361.3462688,-2.65851,3.3452100000000002,9.0252,0.007609635539100002,-0.002391101075160002,-0.004660029103000002
862,361.3462688,-2.66832,3.3452100000000002,9.0252,0.006998770300600002,-0.003176499238560002,-0.004852015320700002
863,361.3462688,-2.66832,3.3452100000000002,9.0252,0.007260569688700001,-0.0035430183814600022,-0.005166174586000002
864,361.3462688,-2.66832,3.3452100000000002,9.0252,0.007120943348500002,-0.0036651914290600023,-0.004974188368300002
865,361.3462688000001,-2.66832,3.3550199999999997,9.025200000000002,0.0065973445729000015,-0.0038222710617000022,-0.004555309347780001
866,361.3462688000001,-2.66832,3.36483,9.025200000000002,0.006021385919700002,-0.004555309347540002,-0.0043109632524800014
867,361.3462688000001,-2.66832,3.3550200000000006,9.0252,0.0058643062871000014,-0.004782202150340002,-0.004241150082380002
868,361.3462688,-2.66832,3.3550200000000006,9.0252,0.006021385919700002,-0.0040142572796400015,-0.004276056667480002
869,361.3462688,-2.66832,3.3550200000000006,9.0252,0.0072780229811,-0.0033684854563400023,-0.005201081171280002
870,361.3462688,-2.66832,3.36483,9.0252,0.008342673824500001,-0.003071779483480002,-0.005969026042380003
871,361.3462688,-2.66832,3.36483,9.0252,0.0090058989406,-0.0027052603405200016,-0.006283185307680001
872,361.3462688,-2.6683199999999996,3.36483,9.0252,0.009058258818200002,-0.002129301687420002,-0.005724679946980002
873,361.3462688000001,-2.66832,3.36483,9.025200000000002,0.008639379797400001,-0.001553343034280002,-0.005201081171380002
874,361.3462688000001,-2.6683199999999996,3.36483,9.025200000000002,0.008115781021800002,-0.001745329252080002,-0.005113814708780002
875,361.3462688000001,-2.66832,3.36483,9.0252,0.007853981633980002,-0.002722713633040002,-0.005375614096600001
876,361.3462688,-2.6683199999999996,3.3550199999999997,9.0252,0.007400196028480001,-0.003246312408240002,-0.005585053606800002
877,361.3462688,-2.66832,3.3550199999999997,9.0252,0.006754424205180002,-0.003839724353440002,-0.005497787144200002
878,361.3462688,-2.6683199999999996,3.3550199999999997,9.0252,0.006178465552080002,-0.004223696788940003,-0.005340707511500002
879,361.3462688,-2.66832,3.3550199999999997,9.0252,0.0053756140961800005,-0.004502949469280002,-0.004782202150600002
880,361.3462688,-2.6683199999999996,3.3550199999999997,9.0252,0.005009094953180001,-0.004468042884240002,-0.004310963252400002
881,361.3462688000001,-2.65851,3.3550199999999997,9.025200000000002,0.0050090949531800015,-0.003979350693700002,-0.004241150082300002
882,361.3462688000001,-2.6487,3.3550199999999997,9.025200000000002,0.006073745797080001,-0.003246312407800002,-0.004677482395300002
883,361.3462688000001,-2.6585099999999997,3.3550199999999997,9.0252,0.007260569688880001,-0.0024783675369400024,-0.0050614548308000025
884,361.3462688,-2.66832,3.36483,9.0252,0.00832522053258,-0.0019896753463400025,-0.005462880558700002
885,361.3462688,-2.66832,3.36483,9.0252,0.009232791743600002,-0.0012566370606400023,-0.005532693728800003
886,361.3462688,-2.66832,3.36483,9.01539,0.009808750396800002,-0.0004712388976400023,-0.005602506898900002
887,361.3462688,-2.66832,3.36483,9.01539,0.0101752695397,0.00013962634015999772,-0.005550147021400002
888,361.3462688,-2.66832,3.3746400000000003,9.01539,0.009861110274300002,-0.0004886921900400023,-0.005497787143800002
889,361.3462688000001,-2.66832,3.3746400000000003,9.01539,0.0090233522334,-0.0018675022990000023,-0.005480333851300001
890,361.3462688000001,-2.66832,3.36483,9.01539,0.007906341512480002,-0.0029321531430000023,-0.005218534463500002
891,361.3462688000001,-2.66832,3.36483,9.01539,0.0069289571309800015,-0.0037524578914000023,-0.004886921905700002
892,361.3462688,-2.66832,3.36483,9.01539,0.005654866776780001,-0.005009094952900002,-0.004677482395500002
893,361.3462688,-2.65851,3.36483,9.01539,0.005009094952780001,-0.0061086523816000025,-0.004747295565500002
894,361.3462688,-2.6487,3.3550199999999997,9.01539,0.005096361415780001,-0.006230825429240002,-0.0051138147083000015
895,361.3462688,-2.6487,3.3452100000000002,9.01539,0.005550147021680002,-0.005742133238740002,-0.0054803338512000015
896,361.3462688,-2.6487,3.3452100000000002,9.025200000000002,0.0065973445730800025,-0.004904375197740002,-0.005811946409100002
897,361.3462688000001,-2.6585099999999997,3.3550199999999997,9.025200000000002,0.007155849933780001,-0.004101523741840002,-0.005707226653900002
898,361.3462688000001,-2.6585099999999997,3.3452100000000002,9.0252,0.007836528342080002,-0.002984513021040002,-0.005462880558640002
899,361.3462688000001,-2.6585099999999997,3.3452100000000002,9.0252,0.008674286382980002,-0.001815142422340002,-0.005218534463340002
900,361.3462688,-2.66832,3.3452100000000002,9.0252,0.009407324668800001,-0.0008726646259400022,-0.005183627878240002
901,361.3462688,-2.6683199999999996,3.3550200000000006,9.0252,0.009773843811700001,-0.0009075712110400022,-0.005358160803440002
902,361.3462688,-2.66832,3.36483,9.0252,0.009651670764100003,-0.0013613568165400023,-0.005567600313640003
903,361.3462688,-2.6683199999999996,3.3746400000000003,9.0252,0.008831366016000002,-0.001954768762240002,-0.005270894340840002
904,361.3462688,-2.66832,3.3746400000000003,9.025200000000002,0.007644542124300001,-0.0026878070481000027,-0.004537856055140002
905,361.3462688000001,-2.6683199999999996,3.38445,9.025200000000002,0.006492624817600001,-0.0035953782591000025,-0.004258603374840002
906,361.3462688000001,-2.66832,3.38445,9.0252,0.0054803338512000015,-0.004974188368200002,-0.004188790204740002
907,361.3462688000001,-2.66832,3.3746400000000003,9.0252,0.005375614096100001,-0.0057944931167000025,-0.004468042885140002
908,361.3462688,-2.66832,3.3746400000000003,9.0252,0.006283185307500001,-0.005899212871800003,-0.005375614096200002
909,361.3462688,-2.66832,3.3746400000000003,9.0252,0.0074525559064000015,-0.005585053606420002,-0.0060388392120000025
910,361.3462688,-2.66832,3.3844499999999997,9.0252,0.0078365283415,-0.005183627878520002,-0.005969026041900002
911,361.3462688,-2.6781300000000003,3.3746400000000003,9.0252,0.007749261878900002,-0.004415683007620003,-0.005235987756000001
912,361.3462688,-2.67813,3.3746399999999994,9.025200000000002,0.007417649321000001,-0.003228859116220003,-0.004293509960000002
913,361.3462688000001,-2.6781300000000003,3.3746400000000003,9.01539,0.007784168463900001,-0.0017278759595200023,-0.003735004599400002
914,361.3462688000001,-2.67813,3.3844499999999997,9.01539,0.008709192967600001,-0.0006806784083200024,-0.003944444109700003
915,361.3462688000001,-2.6781300000000003,3.38445,9.01539,0.010070549784300002,-0.0005934119457200024,-0.0049567350761000025
916,361.3462688,-2.67813,3.38445,9.01539,0.0109781209957,-0.0004363323130200022,-0.005637413484300002
917,361.3462688,-2.66832,3.38445,9.01539,0.0111352006283,-0.0011519173062200022,-0.006108652382100002
918,361.3462688,-2.66832,3.38445,9.01539,0.009704030641300002,-0.002007128639920002,-0.005654866776600003
919,361.3462688,-2.66832,3.38445,9.01539,0.007103490055800002,-0.0031764992390000022,-0.004468042885200002
920,361.3462688,-2.6585099999999997,3.3746400000000003,9.01539,0.004782202150800001,-0.004712388980300003,-0.003647738136800002
921,361.3462688000001,-2.6486999999999994,3.3746400000000003,9.01539,0.0035081117969000012,-0.005811946409000002,-0.003735004599420002
922,361.3462688000001,-2.6487,3.3746400000000003,9.01539,0.004031710572500001,-0.006318091892100003,-0.004590215932820002
923,361.3462688000001,-2.6486999999999994,3.36483,9.0252,0.005288347633700001,-0.006440264939700004,-0.005899212871420002
924,361.35488469,-2.6585099999999997,3.36483,9.0252,0.006283185306700001,-0.006195918844400002,-0.006544984694820002
925,361.36350058,-2.65851,3.3550199999999997,9.0252,0.006876597252700001,-0.0044854961772000015,-0.005899212871320001
926,361.37211647,-2.66832,3.36483,9.0252,0.006911503837700001,-0.002652900462800002,-0.004764748857620002
927,361.38073236,-2.66832,3.36483,9.025200000000002,0.007033676885400002,-0.0007853981632000024,-0.003874630939320002
928,361.38934825,-2.66832,3.36483,9.025200000000002,0.007853981633800002,5.235987799999762e-05,-0.0039968039869200025
929,361.39796414,-2.66832,3.36483,9.0252,0.0092327917429,-0.00010471975400000235,-0.0050614548306200016
930,361.40658003000004,-2.66832,3.36483,9.0252,0.0104894288045,-0.00022689280200000224,-0.006283185307020002
931,361.41519592,-2.66832,3.36483,9.0252,0.010821041362400002,-0.0009599310882000021,-0.006754424205100003
932,361.42381181,-2.66832,3.3550199999999997,9.0252,0.009773843811200002,-0.0018325957140000021,-0.006265732014600002
933,361.43242769999995,-2.6781300000000003,3.3550199999999997,9.0252,0.008115781022100001,-0.002356194489640002,-0.005113814708640003
934,361.43242769999995,-2.6781300000000003,3.3550199999999997,9.0252,0.006754424206000001,-0.002478367537240002,-0.004415683007640002
935,361.4324277,-2.6879399999999998,3.36483,9.025200000000002,0.005986479335000001,-0.0030019663130400023,-0.004206243497340002
936,361.4324277,-2.67813,3.36483,9.025200000000002,0.006265732015000002,-0.003490658503440003,-0.004660029102840002
937,361.4324277,-2.67813,3.36483,9.0252,0.006963863715900001,-0.004188790204240003,-0.005480333851240002
938,361.4324277,-2.67813,3.36483,9.0252,0.007243116396500002,-0.004834562027540002,-0.005846852994140002
939,361.4324277,-2.67813,3.36483,9.0252,0.006457718233100001,-0.005288347633540002,-0.005515240436340002
940,361.4324277,-2.67813,3.36483,9.0252,0.005427973974500002,-0.005585053606540003,-0.004747295565460002
941,361.43242769999995,-2.67813,3.36483,9.0252,0.004939281783900002,-0.0053058009255400026,-0.0043109632524200026
942,361.43242769999995,-2.67813,3.3746400000000003,9.0252,0.005218534464240002,-0.004590215932440003,-0.0041538836197200025
943,361.4324277,-2.6683199999999996,3.3746400000000003,9.025200000000002,0.006178465552340001,-0.0038920842316000023,-0.004520402762680001
944,361.4324277,-2.65851,3.3746400000000003,9.025200000000002,0.007138396641440001,-0.0034906585037000025,-0.005183627878680002
945,361.4324277,-2.6487,3.3746400000000003,9.0252,0.008290313947440002,-0.0031764992384000017,-0.006038839212480002
946,361.4324277,-2.6585099999999997,3.36483,9.0252,0.00919788515844,-0.0027576202179000024,-0.006754424205680001
947,361.4324277,-2.66832,3.36483,9.01539,0.009320058206440001,-0.002094395102200002,-0.006597344572980002
948,361.4324277,-2.67813,3.36483,9.005579999999998,0.00883136601564,-0.0016406094967000022,-0.005864306287180002
949,361.43242769999995,-2.68794,3.36483,9.00558,0.00851720675024,-0.001064650843700002,-0.005288347633980002
950,361.43242769999995,-2.6879399999999998,3.36483,9.00558,0.00820304748524,-0.0009424777957000021,-0.004956735076060002
951,361.4324277,-2.68794,3.36483,9.00558,0.00849975345804,-0.0007330382858000021,-0.004817108735900002
952,361.4324277,-2.6879399999999998,3.36483,9.00558,0.0077667151722,-0.002076941809900002,-0.004974188368600002
953,361.4324277,-2.68794,3.36483,9.005579999999998,0.006998770301800001,-0.003909537524700002,-0.005270894341400002
954,361.4324277,-2.6879399999999998,3.36483,9.005579999999998,0.0060911990903,-0.005201081171200002,-0.004991641660800001
955,361.4324277,-2.68794,3.3550199999999997,9.005579999999998,0.005061454831300002,-0.005846852994400002,-0.004398229714800002
956,361.4324277,-2.68794,3.36483,9.005579999999998,0.004572762640300002,-0.005619960191500003,-0.0038048177692000017
957,361.43242769999995,-2.68794,3.3746399999999994,9.01539,0.004520402762300002,-0.005375614096200002,-0.003752457891700002
958,361.43242769999995,-2.67813,3.3746399999999994,9.01539,0.005585053606100001,-0.004485496177600002,-0.004153883619600002
959,361.4324277,-2.66832,3.3746399999999994,9.00558,0.006894050545100001,-0.0036477381364000026,-0.004764748857800002
960,361.4324277,-2.66832,3.3746399999999994,9.005579999999998,0.008691739674300002,-0.002792526803200002,-0.005462880558600002
961,361.4324277,-2.66832,3.3746399999999994,9.005579999999998,0.0089709923547,-0.0029845130211000022,-0.005916666164100002
962,361.4324277,-2.66832,3.3746400000000003,9.005579999999998,0.0089709923547,-0.003054326191100002,-0.005585053606200002
963,361.4324277,-2.67813,3.3452100000000002,8.98596,0.007679448708200001,-0.004118977035100002,-0.0026354471704000022
964,361.4324277,-2.6781300000000003,3.3255899999999996,8.97615,0.004747295564700002,-0.005497787144500002,0.0038397243539999974
965,361.43242769999995,-2.66832,3.31578,8.97615,0.0012915436457000017,-0.008517206750800001,0.015376350705
966,361.43242769999995,-2.66832,3.30597,8.97615,-0.007906341512299998,-0.009197885159200002,0.028047441073399997
967,361.4324277,-2.6487,3.28635,8.97615,-0.0191811684803,-0.009197885159200002,0.0420973415543
968,361.4324277,-2.6487,3.2961599999999995,8.98596,-0.0178023583713,-0.008831366016300001,0.0534070751075
969,361.4324277,-2.6487,3.2961599999999995,8.99577,-0.027209683039099996,-0.008813912723800003,0.0615926692991
970,361.4324277,-2.6487,3.2961599999999995,9.00558,-0.0314159265363,-0.014294246575000003,0.0729547627319
971,361.4324277,-2.6585099999999997,3.2961599999999995,8.99577,-0.0323584043327,-0.009861110275000003,0.0834616448322
972,361.4324277,-2.66832,3.30597,8.98596,-0.0350113047959,-0.0013962634030000032,0.092135931215
973,361.43242769999995,-2.65851,3.3550200000000006,9.01539,-0.033231068959,-0.0003839724360000027,0.095347337039
974,361.43242769999995,-2.6585099999999997,3.3746400000000003,9.01539,-0.027820548278000002,0.0005759586529999972,0.093567101202
975,361.4324277,-2.66832,3.39426,9.01539,-0.023631758073,0.008796459429999997,0.085957465668
976,361.4324277,-2.6487,3.39426,9.00558,-0.011309733552999999,0.008464846872099998,0.071942471776
977,361.4324277,-2.6585099999999997,3.39426,8.995769999999998,0.0028972465580000004,0.008203047484299997,0.056304321676
978,361.4324277,-2.6781300000000003,3.41388,8.995769999999998,-0.005811946409,0.0068242373751999956,0.047874381389000006
979,361.4324277,-2.66832,3.41388,8.98596,0.002460914245,0.005637413483499996,0.040002946462800004
980,361.4324277,-2.66832,3.41388,8.966339999999999,0.007260569688,0.007539822368499998,0.026616271097800005
981,361.43242769999995,-2.65851,3.40407,8.97615,0.0069464104230000006,0.0017104226674999972,0.0162141087526
982,361.43242769999995,-2.65851,3.39426,8.98596,0.007941248097,-0.009110618694500004,0.0072431163970000005
983,361.4324277,-2.6585099999999997,3.3844499999999997,8.97615,0.004817108736,-0.013264502314500002,0.00010471975599999974
984,361.4324277,-2.65851,3.3746399999999994,8.976149999999999,0.0020943951032000004,-0.011414453307400003,-0.0038571776455999995
985,361.4324277,-2.66832,3.3746400000000003,8.976149999999999,-0.0015358897407999994,-0.014049900477400002,-0.004956735074600001
986,361.4324277,-2.66832,3.3844499999999997,8.98596,-0.004904375197799999,-0.012950343049100001,-0.0024609142447
987,361.4324277,-2.66832,3.40407,8.99577,-0.006981317007799999,-0.013316862192020005,-0.0015358897417
988,361.4324277,-2.63889,3.3746400000000003,8.99577,0.0021293016872000006,-0.011798425742820003,-0.0050789081237
989,361.43242769999995,-2.63889,3.3746400000000003,8.995769999999998,0.0065100781102,-0.007470009197820001,-0.0061784655525
990,361.43242769999995,-2.63889,3.3844499999999997,9.005579999999998,0.0071733032262,-0.0036477381363200015,-0.005654866777500001
991,361.4324277,-2.6487,3.39426,9.005579999999998,0.010349802465199998,-0.0018849555922200018,-0.006771877498299999
992,361.4324277,-2.6487,3.3844499999999997,9.00558,0.013002702928000001,0.0031939525308799983,-0.006195918845199999
993,361.4324277,-2.6487000000000003,3.3746400000000003,8.99577,0.0157254165612,0.01165879940288,-0.003333578872199999
994,361.4324277,-2.6487,3.3844499999999997,8.99577,0.016301375214,0.013473941824779997,-0.0029670597293
995,361.4324277,-2.63889,3.39426,8.99577,0.0184132236089,0.008831366013779998,-0.0063006386003
996,361.4324277,-2.6487,3.3844499999999997,8.985959999999999,0.0178721715409,0.004817108734779999,-0.0087091929682
997,361.43242769999995,-2.6487000000000003,3.3746400000000003,8.97615,0.015742869853900002,0.001605702910699998,-0.0086568330902
998,361.43242769999995,-2.6585099999999997,3.3746400000000003,8.97615,0.0113097335538,-0.002303834613300002,-0.008203047484699999
999,361.4324277,-2.66832,3.3746400000000003,8.98596,0.0047647488588,-0.008621926505300002,-0.006859143960659999
1000,361.4324277,-2.66832,3.36483,8.98596,-0.0003316125571999996,-0.0120427718388,-0.00417133691216
1001,361.4324277,-2.65851,3.36483,8.98596,-0.0044505895921999996,-0.0130376095129,-0.0017453292521599994
1002,361.4324277,-2.6487,3.3746399999999994,8.985959999999999,-0.0046600291023999995,-0.012548917322,-0.0017976891296599996
1003,361.4324277,-2.6487,3.3844499999999997,9.005579999999998,-0.0023038346125999996,-0.012531464029,-0.00436332312966
1004,361.4324277,-2.63889,3.3746400000000003,9.00558,0.0044156830083999996,-0.009669124056000003,-0.00729547627296
1005,361.43242769999995,-2.6290799999999996,3.3452100000000002,9.00558,0.0101403629545,-0.0051836278780000005,-0.007923794803959999
1006,361.43242769999995,-2.6487,3.3550199999999997,9.01539,0.0113795467235,-0.0024260076600000017,-0.00575958653136
1007,361.4324277,-2.6585099999999997,3.3746400000000003,9.0252,0.0104196156349,-0.0006283185300000017,-0.00429350995976
1008,361.4324277,-2.65851,3.3746400000000003,9.01539,0.0120078652542,0.0036651914289999982,-0.00279252680306
1009,361.4324277,-2.66832,3.3844499999999997,9.01539,0.0127758101242,0.003700098013999997,-0.0027401669255
